sku_id,sku_name,category,subcategory,brand,cost_price,stock_on_hand,reorder_point,safety_stock,forecast_6_week_demand,avg_weekly_forecast,min_weekly_forecast,max_weekly_forecast,coverage_weeks,stock_after_6_week_demand,stock_vs_reorder_point,stock_vs_safety_stock,target_stock,excess_units,shortage_units,excess_value,reorder_value,forecast_std,forecast_cv,excess_percentage,decision,priority_score,priority_rank
1001,Electronics_Chargers_1001,Electronics,Chargers,Budget,103.44,5919,2417,1198,119.80243763807258,19.96707293967876,18.417986834689703,22.860635380197248,296.438041663969,5799.197562361927,3502,4721,1317.8024376380727,4601.197562361927,0.0,475947.87585071777,0.0,2.217269586376234,0.11104630073094261,77.73606288835829,Markdown/Clear,0.718993229341977,9
1002,Dairy_Cream_1002,Dairy,Cream,Local,8.96,7783,3071,1526,119.81208336279246,19.968680560465412,18.26820693985885,22.994553736179697,389.7603537916779,7663.187916637207,4712,6257,1645.8120833627925,6137.187916637207,0.0,54989.203733069386,0.0,2.3092085466979593,0.11564151871254824,78.85375711984078,Markdown/Clear,0.4564988653236591,153
1003,Household_Cleaning Supplies_1003,Household,Cleaning Supplies,BlueMart,7.47,7089,2770,1374,119.66068415958064,19.943447359930108,18.113648758270557,22.9835723131503,355.45509620583687,6969.33931584042,4319,5715,1493.6606841595806,5595.33931584042,0.0,41797.184689327936,0.0,2.328234514656435,0.1167418286636977,78.92988173001015,Markdown/Clear,0.44947031255948666,167
1004,Beverages_Juices_1004,Beverages,Juices,International,17.58,9963,3980,1978,120.01933895898787,20.00322315983131,18.417986834689703,23.024296619729096,498.069732082318,9842.980661041012,5983,7985,2098.0193389589876,7864.980661041012,0.0,138266.360021101,0.0,2.2762238480268415,0.11379285377357341,78.94189160936477,Markdown/Clear,0.5085578498226672,82
1005,Household_Paper Products_1005,Household,Paper Products,Budget,13.68,7182,2808,1392,120.64674244356529,20.107790407260882,18.5877158125636,22.894749826496664,357.17499807470614,7061.353257556435,4374,5790,1512.6467424435652,5669.353257556435,0.0,77556.75256337204,0.0,2.125281635177667,0.10569443942533996,78.93836337449784,Markdown/Clear,0.4605224670001516,145
1006,Beverages_Coffee_1006,Beverages,Coffee,Premium,9.8,8453,3306,1642,119.82448143736816,19.970746906228026,18.201344194350757,23.08913940812676,423.2690965285765,8333.175518562632,5147,6811,1761.8244814373681,6691.175518562632,0.0,65573.5200819138,0.0,2.3087107252229435,0.11560462590925705,79.15740587439527,Markdown/Clear,0.4644248874258969,139
1007,Personal Care_Shampoo_1007,Personal Care,Shampoo,BlueMart,51.47,5874,2373,1175,120.01744435625463,20.002907392709105,18.44516578439174,22.934744110711463,293.6573111437303,5753.982555643745,3501,4699,1295.0174443562546,4578.982555643745,0.0,235680.23213898356,0.0,2.267455557773683,0.11335629932477474,77.95339727006717,Markdown/Clear,0.5672573899438144,38
1008,Personal Care_Shampoo_1008,Personal Care,Shampoo,Premium,31.77,7055,2781,1379,118.87604171284525,19.81267361880754,18.08459874992511,22.931452707140632,356.0852076674252,6936.123958287155,4274,5676,1497.8760417128453,5557.123958287155,0.0,176549.8281547829,0.0,2.1190580807437986,0.10695467565428647,78.76858906147632,Markdown/Clear,0.5251540035012001,64
1009,Electronics_Batteries_1009,Electronics,Batteries,Local,61.82,4380,1789,884,120.84220948664357,20.140368247773928,18.20388270992545,24.94451180352243,217.473680029863,4259.157790513356,2591,3496,1004.8422094866436,3375.1577905133563,0.0,208652.25460953568,0.0,2.7629568777710682,0.13718502282481612,77.05839704368394,Watch/Volatile,0.5724782272210858,35
1010,Grocery_Rice_1010,Grocery,Rice,Budget,10.05,10543,4248,2113,119.87850339913179,19.979750566521965,18.1470214212176,23.003005586951403,527.6842653714523,10423.121496600868,6295,8430,2232.8785033991317,8310.121496600868,0.0,83516.72104083873,0.0,2.3113546530864495,0.11568486029847397,78.82122257991908,Markdown/Clear,0.4748363390180227,122
1011,Personal Care_Shampoo_1011,Personal Care,Shampoo,Premium,16.28,7557,2983,1481,120.4223780983428,20.0703963497238,18.5208530670555,22.897338260841217,376.5247017707249,7436.577621901657,4574,6076,1601.4223780983427,5955.577621901657,0.0,96956.80368455898,0.0,2.18783509412205,0.10900806620852596,78.80875508669654,Markdown/Clear,0.4761758702140245,120
1012,Beverages_Juices_1012,Beverages,Juices,Premium,7.87,9048,3611,1792,120.10062413845264,20.016770689742106,18.417986834689703,22.95603514348916,452.0209648320937,8927.899375861547,5437,7256,1912.1006241384525,7135.899375861547,0.0,56159.528088030376,0.0,2.25761863570351,0.1127863565355455,78.86714606389862,Markdown/Clear,0.45418765614688783,158
1013,Grocery_Cereals_1013,Grocery,Cereals,Premium,24.33,10465,4022,2003,118.1673113268069,19.69455188780115,18.403025898081253,22.095460249509745,531.3652252469905,10346.832688673194,6443,8462,2121.167311326807,8343.832688673192,0.0,203005.44931541875,0.0,1.8425763069175678,0.09355766596846835,79.7308427011294,Markdown/Clear,0.5312020657756746,53
1014,Dairy_Butter_1014,Dairy,Butter,Premium,5.03,8329,3370,1674,119.9682588404884,19.994709806748066,18.458243410623748,22.896148557228507,416.56018419377233,8209.031741159512,4959,6655,1793.9682588404885,6535.0317411595115,0.0,32871.20965803234,0.0,2.222644483861349,0.11116162751765585,78.46118070788224,Markdown/Clear,0.43586615760758607,190
1015,Dairy_Cream_1015,Dairy,Cream,Budget,19.22,7588,2967,1471,120.10844401427649,20.018074002379414,18.273486129884,23.003005586951403,379.05744574118694,7467.891555985723,4621,6117,1591.1084440142765,5996.891555985723,0.0,115260.25570604559,0.0,2.3177829744863523,0.11578451424501943,79.03125403249504,Markdown/Clear,0.49621769591550235,94
1016,Grocery_Rice_1016,Grocery,Rice,BlueMart,11.6,9900,4059,2021,120.80126012227653,20.133543353712756,18.50300112732675,23.0248710774908,491.71672497351915,9779.198739877724,5841,7879,2141.8012601222767,7758.198739877724,0.0,89995.10538258159,0.0,2.1980413718938356,0.10917310148928666,78.36564383714872,Markdown/Clear,0.47020642615321195,133
1017,Household_Paper Products_1017,Household,Paper Products,Budget,23.96,5874,2433,1208,120.24361632348082,20.040602720580136,18.48344721718525,23.24571375383721,293.10495706637903,5753.756383676519,3441,4666,1328.2436163234809,4545.756383676519,0.0,108916.3229528894,0.0,2.397930190503103,0.11965359644800583,77.38774912626012,Watch/Volatile,0.4902027437311496,102
1018,Personal Care_Deodorant_1018,Personal Care,Deodorant,Budget,32.74,5930,2377,1179,120.11040752209932,20.01840125368322,18.49401744411428,23.025505451764555,296.2274521752295,5809.889592477901,3553,4751,1299.1104075220994,4630.889592477901,0.0,151615.32525772648,0.0,2.254331921216709,0.11261298505553387,78.09257322896967,Markdown/Clear,0.5127104282928607,78
1019,Electronics_Cables_1019,Electronics,Cables,Local,152.31,4947,1996,985,119.66487704803693,19.94414617467282,18.113648758270557,22.96559973708116,248.04270670068706,4827.335122951963,2951,3962,1104.664877048037,3842.335122951963,0.0,585226.0625768135,0.0,2.3317061983151564,0.11691180850229642,77.67000450681147,Markdown/Clear,0.7956774937507525,3
1020,Beverages_Juices_1020,Beverages,Juices,Local,7.12,7940,3126,1554,120.02957252992795,20.00492875498799,18.382648692899384,23.00994446753333,396.9021883179792,7819.970427470072,4814,6386,1674.029572529928,6265.9704274700725,0.0,44613.709443586915,0.0,2.326148381093519,0.11627876357787685,78.91650412430822,Markdown/Clear,0.45073263543483866,164
1021,Grocery_Canned Goods_1021,Grocery,Canned Goods,BlueMart,17.6,10419,4032,2004,119.5341961670667,19.92236602784445,18.13775258089311,23.46243995351416,522.9800509356122,10299.465803832933,6387,8415,2123.5341961670665,8295.465803832933,0.0,146000.19814745963,0.0,2.270531607553968,0.11396897358378842,79.61863714207634,Markdown/Clear,0.5162714224585431,74
1022,Household_Cleaning Supplies_1022,Household,Cleaning Supplies,Premium,38.83,6785,2779,1376,123.60916775794983,20.601527959658306,17.700826785165148,27.223238967552483,329.34450363518255,6661.39083224205,4006,5409,1499.6091677579498,5285.39083224205,0.0,205231.7260159588,0.0,3.7746791626737037,0.1832232623747734,77.89816996672145,Watch/Volatile,0.6236636254060074,21
1023,Personal Care_Toothpaste_1023,Personal Care,Toothpaste,International,47.09,6759,2689,1333,118.26588937238768,19.710981562064614,18.02431295786228,22.128208548718423,342.9052976746853,6640.734110627613,4070,5426,1451.2658893723876,5307.734110627613,0.0,249941.1992694543,0.0,1.879218083546191,0.09533863535050426,78.52839341067633,Markdown/Clear,0.5589435441885792,40
1024,Grocery_Canned Goods_1024,Grocery,Canned Goods,International,5.19,9905,3801,1892,120.01437985713895,20.002396642856493,18.182420088936297,23.23027846304232,495.19066024207643,9784.985620142861,6104,8013,2012.014379857139,7892.985620142861,0.0,40964.59536854145,0.0,2.3436779954648803,0.11716985905795864,79.68688157640446,Markdown/Clear,0.45223006537399535,160
1025,Household_Detergent_1025,Household,Detergent,Budget,4.88,5722,2247,1114,119.4171704786936,19.902861746448934,18.25036130825471,22.92060370930559,287.4963446410373,5602.582829521307,3475,4608,1233.4171704786936,4488.582829521307,0.0,21904.28420806398,0.0,2.297156856528331,0.11541842001380477,78.44429971201166,Markdown/Clear,0.4333715121663221,193
1026,Snacks_Biscuits_1026,Snacks,Biscuits,Budget,3.92,6079,2460,1221,120.14107870473055,20.023513117455092,18.409534983918,23.143740883467405,303.59307901372983,5958.858921295269,3619,4858,1341.1410787047305,4737.858921295269,0.0,18572.406971477456,0.0,2.3663534941002196,0.11817873717861221,77.93812997689209,Watch/Volatile,0.4323419572245384,194
1027,Snacks_Chips_1027,Snacks,Chips,Premium,3.35,8461,3360,1666,119.53148902259201,19.92191483709867,18.260041076998693,22.994553736179697,424.70817033330013,8341.468510977407,5101,6795,1785.531489022592,6675.468510977408,0.0,22362.81951177432,0.0,2.2280911917738018,0.11184121656943546,78.89692129745194,Markdown/Clear,0.4314547367050388,196
1028,Household_Paper Products_1028,Household,Paper Products,Budget,31.85,6357,2557,1268,120.99514465545276,20.16585744257546,18.36670177275961,23.448649599426027,315.23578990391405,6236.004855344548,3800,5089,1388.9951446554528,4968.004855344547,0.0,158230.9546427238,0.0,2.3656436107158507,0.11730934910416212,78.15014716603031,Markdown/Clear,0.522321797342159,65
1029,Grocery_Canned Goods_1029,Grocery,Canned Goods,Premium,19.78,10788,4457,2215,120.50642838981929,20.08440473163655,18.47499536641355,22.972538617663087,537.1331709426747,10667.49357161018,6331,8573,2335.506428389819,8452.49357161018,0.0,167190.3228464494,0.0,2.186971302035632,0.10888902764395893,78.35088590665723,Markdown/Clear,0.5196633101964947,68
1030,Dairy_Cream_1030,Dairy,Cream,Premium,17.11,7802,3106,1540,120.55813704558159,20.093022840930264,18.495649260493995,23.36407487897639,388.2939894990327,7681.441862954418,4696,6262,1660.5581370455816,6141.441862954418,0.0,105080.0702751501,0.0,2.359923333030782,0.11744989052734897,78.71625048647036,Markdown/Clear,0.49028764885780235,101
1031,Snacks_Chips_1031,Snacks,Chips,BlueMart,10.28,8598,3434,1705,120.16411541016899,20.027352568361497,18.368101908830617,22.86203411092909,429.31285953305763,8477.835884589831,5164,6893,1825.164115410169,6772.835884589831,0.0,69624.75289358346,0.0,2.1987000982162552,0.10978486001637999,78.77222475680195,Markdown/Clear,0.45924700190362544,147
1032,Snacks_Chocolates_1032,Snacks,Chocolates,BlueMart,11.25,7979,3348,1664,120.26154944362824,20.04359157393804,18.36075004199786,22.979890484495844,398.08234819426303,7858.738450556371,4631,6315,1784.2615494436282,6194.738450556371,0.0,69690.80756875918,0.0,2.221166043936962,0.11081676832933793,77.63803046191717,Markdown/Clear,0.4561760781832895,157
1033,Household_Paper Products_1033,Household,Paper Products,International,20.11,6538,2580,1278,120.2493157972324,20.041552632872065,18.36670177275961,23.102672353592965,326.2222303713337,6417.750684202768,3958,5260,1398.2493157972324,5139.750684202768,0.0,103360.38625931766,0.0,2.330452914181371,0.11628105650651897,78.61350082904202,Markdown/Clear,0.4875177911558007,106
1034,Household_Cleaning Supplies_1034,Household,Cleaning Supplies,Budget,36.42,6433,2509,1245,119.55148363889754,19.92524727314959,18.373581771915905,22.897338260841217,322.8567210138885,6313.4485163611025,3924,5188,1364.5514836388975,5068.4485163611025,0.0,184592.89496587135,0.0,2.2666899587035227,0.11375969028791011,78.78825612251053,Markdown/Clear,0.5378466680724175,51
1035,Electronics_Batteries_1035,Electronics,Batteries,Premium,139.58,4892,1928,954,120.71800178055823,20.119666963426372,18.36670177275961,23.31227658228858,243.14517774537228,4771.281998219441,2964,3938,1074.7180017805583,3817.2819982194414,0.0,532816.2213114697,0.0,2.34953815915434,0.11677818342745641,78.03111198322652,Markdown/Clear,0.7630560129479106,6
1036,Electronics_Mobile Accessories_1036,Electronics,Mobile Accessories,Budget,53.01,4854,1855,917,118.4059750732056,19.7343291788676,18.130400714060357,22.227324035513227,245.9673169533363,4735.594024926794,2999,3937,1035.4059750732056,3818.594024926794,0.0,202423.66926136936,0.0,1.8911302996818857,0.09582946967900953,78.66901575868962,Markdown/Clear,0.5293369827033817,59
1037,Electronics_Cables_1037,Electronics,Cables,BlueMart,123.66,4485,1764,868,120.56258592486178,20.093764320810298,18.254956142289448,23.286021022279147,223.2035734267604,4364.437414075138,2721,3617,988.5625859248618,3496.4374140751383,0.0,432369.4506245316,0.0,2.341198763280305,0.11651369678182302,77.9584707709061,Markdown/Clear,0.6976669598188573,12
1038,Electronics_Cables_1038,Electronics,Cables,Premium,60.91,5082,2058,1019,117.23362499449475,19.538937499082458,18.159857609698204,22.036814798196755,260.0960262163001,4964.766375005505,3024,4063,1136.2336249944947,3945.7663750055053,0.0,240336.62990158531,0.0,1.7013857212530341,0.08707667555274849,77.64199872108432,Markdown/Clear,0.5404126478607316,49
1039,Beverages_Soft Drinks_1039,Beverages,Soft Drinks,Local,15.14,8621,3549,1768,119.82839736632816,19.971399561054692,18.381742317391502,22.8876967064568,431.66729370391323,8501.171602633673,5072,6853,1887.828397366328,6733.171602633672,0.0,101940.21806387379,0.0,2.21998195517729,0.11115805621887284,78.1019789193095,Markdown/Clear,0.4790969046844019,117
1040,Electronics_Mobile Accessories_1040,Electronics,Mobile Accessories,Premium,55.46,5512,2308,1144,118.43037739551343,19.738396232585572,18.5208530670555,22.07801494817714,279.2526776263814,5393.5696226044865,3204,4368,1262.4303773955135,4249.5696226044865,0.0,235681.13126964483,0.0,1.8067060641733288,0.09153256641948893,77.09669126640941,Markdown/Clear,0.5402333414853906,50
1041,Snacks_Nuts_1041,Snacks,Nuts,Local,9.29,8349,3321,1645,119.52604488981257,19.921007481635428,18.11404287609046,22.996613440394363,419.1053091916506,8229.473955110187,5028,6704,1764.5260448898125,6584.4739551101875,0.0,61169.76304297364,0.0,2.3358625270302484,0.11725624465447389,78.86542047083708,Markdown/Clear,0.46229400438633095,142
1042,Grocery_Canned Goods_1042,Grocery,Canned Goods,Budget,25.0,10620,4250,2113,119.88657538339584,19.98109589723264,18.129003812698908,22.96559973708116,531.5023787794772,10500.113424616604,6370,8507,2232.8865753833957,8387.113424616604,0.0,209677.8356154151,0.0,2.3049881792117266,0.11535844635683697,78.97470268000568,Markdown/Clear,0.5564787379761537,41
1043,Electronics_Batteries_1043,Electronics,Batteries,Budget,15.63,5346,2133,1058,118.40419570824683,19.734032618041137,18.20388270992545,22.2240326319424,270.90256226254587,5227.595804291753,3213,4288,1176.4041957082468,4169.595804291754,0.0,65170.78242108011,0.0,1.8995721747934278,0.0962586923595541,77.99468395607471,Markdown/Clear,0.4387010306457857,187
1044,Snacks_Biscuits_1044,Snacks,Biscuits,BlueMart,13.35,9475,3716,1842,120.15076346961122,20.025127244935202,18.48344721718525,23.05183378939024,473.15554523612013,9354.849236530388,5759,7633,1962.1507634696113,7512.849236530388,0.0,100296.53730768069,0.0,2.286130793910535,0.11416310947480986,79.29128481826268,Markdown/Clear,0.48576224852441435,109
1045,Electronics_Cables_1045,Electronics,Cables,Local,89.2,4269,1678,830,119.21386457618337,19.868977429363895,18.113648758270557,22.986763485587407,214.85755948823743,4149.786135423817,2591,3439,949.2138645761834,3319.7861354238166,0.0,296124.92327980447,0.0,2.1310630114779143,0.10725579708638988,77.76495983658506,Markdown/Clear,0.5989051381506909,29
1046,Household_Paper Products_1046,Household,Paper Products,Local,38.66,7431,2933,1454,119.62079462472957,19.936799104121594,18.12305208193716,23.171645435619137,372.72783665978596,7311.37920537527,4498,5977,1573.6207946247296,5857.37920537527,0.0,226446.28007980794,0.0,2.3640909567178503,0.11857926362056358,78.82356621417401,Watch/Volatile,0.5702519042895495,36
1047,Household_Detergent_1047,Household,Detergent,Local,25.61,5799,2425,1203,119.88335594140278,19.98055932356713,18.130400714060357,22.97586319925926,290.23211543232736,5679.116644058598,3374,4596,1322.883355941403,4476.116644058597,0.0,114633.34725434065,0.0,2.3137000086374404,0.1157975595762439,77.18773312741156,Markdown/Clear,0.4889357056679502,104
1048,Snacks_Biscuits_1048,Snacks,Biscuits,Local,8.75,8311,3311,1643,118.92960768507182,19.821601280845304,18.238750044221,22.95603514348916,419.2900403072568,8192.070392314929,5000,6668,1761.929607685072,6549.0703923149285,0.0,57304.36593275562,0.0,2.1045006712366656,0.10617208173137654,78.80002878492274,Markdown/Clear,0.4474557283298429,170
1049,Electronics_Batteries_1049,Electronics,Batteries,BlueMart,67.31,5464,2136,1058,118.17129889601873,19.69521648266979,18.017432958705985,22.07720095214974,277.4277705862173,5345.828701103981,3328,4406,1176.1712988960187,4287.828701103981,0.0,288613.749871309,0.0,1.8585000013908477,0.09436301464501183,78.4741709572471,Markdown/Clear,0.5826353289378509,32
1050,Snacks_Chips_1050,Snacks,Chips,International,10.07,8325,3338,1661,119.38853398990682,19.898088998317803,18.00935202125383,22.972538617663087,418.3818858536516,8205.611466010094,4987,6664,1780.3885339899068,6544.611466010093,0.0,65904.23746272163,0.0,2.334747751259871,0.11733527533509634,78.61395154366478,Markdown/Clear,0.46449585799310344,138
1051,Electronics_Cables_1051,Electronics,Cables,BlueMart,40.92,4808,1858,919,119.62290122307367,19.93715020384561,18.129003812698908,23.03152120229041,241.15783604181308,4688.377098776927,2950,3889,1038.6229012230738,3769.3770987769262,0.0,154242.91088195183,0.0,2.3637345773789886,0.11855930026163196,78.39802618088449,Watch/Volatile,0.5220389426085288,66
1052,Snacks_Crackers_1052,Snacks,Crackers,Budget,11.33,7719,3033,1506,121.37826738128662,20.229711230214438,18.39614589892496,23.24571375383721,381.56748320120124,7597.621732618713,4686,6213,1627.3782673812866,6091.621732618713,0.0,69018.07423057003,0.0,2.322820989920455,0.11482225146403302,78.91723970227638,Markdown/Clear,0.4648961945150418,136
1053,Snacks_Crackers_1053,Snacks,Crackers,Premium,7.13,8866,3590,1787,120.3769184032453,20.062819733874218,18.130400714060357,23.24571375383721,441.9119604125525,8745.623081596756,5276,7079,1907.3769184032453,6958.623081596755,0.0,49614.98257178486,0.0,2.4048788741371228,0.11986744166756914,78.4866126956548,Watch/Volatile,0.4562706929553986,156
1054,Snacks_Chips_1054,Snacks,Chips,BlueMart,5.65,9490,3838,1908,120.64909720977694,20.108182868296158,18.432192495748165,23.378772770448176,471.9471700728632,9369.350902790224,5652,7582,2028.649097209777,7461.350902790223,0.0,42156.63260076476,0.0,2.354143829696282,0.11707392185138595,78.6232971843016,Markdown/Clear,0.44891870022940816,169
1055,Dairy_Butter_1055,Dairy,Butter,Local,6.17,6976,2708,1343,121.44312672950694,20.24052112158449,18.118657459717816,24.70872760148812,344.6551577449651,6854.556873270493,4268,5633,1464.443126729507,5511.556873270493,0.0,34006.305908078946,0.0,2.855914641257301,0.14109886914975495,79.00740930720318,Watch/Volatile,0.47131914488847787,128
1056,Snacks_Nuts_1056,Snacks,Nuts,Premium,3.94,8059,3161,1572,120.22267376682716,20.037112294471193,18.37587346427001,23.003005586951403,402.2036649574353,7938.777326233173,4898,6487,1692.2226737668273,6366.777326233173,0.0,25085.1026653587,0.0,2.261292383071039,0.11285520337653614,79.00207626545692,Markdown/Clear,0.4347116424129155,191
1057,Beverages_Tea_1057,Beverages,Tea,BlueMart,16.57,10394,4185,2082,119.8469575878338,19.974492931305633,18.25416518063181,22.97477142859156,520.3636475652248,10274.153042412167,6209,8312,2201.846957587834,8192.153042412167,0.0,135743.97591276962,0.0,2.2987902001412497,0.1150862856968149,78.81617320004008,Markdown/Clear,0.5078717839537908,83
1058,Personal Care_Soap_1058,Personal Care,Soap,Budget,30.87,7519,3067,1524,117.06646070811132,19.51107678468522,17.91699861800933,22.020323894179448,385.37083744664824,7401.933539291888,4452,5995,1641.0664607081112,5877.933539291889,0.0,181451.80835794064,0.0,1.7405894899079988,0.08921032442833884,78.1744053636373,Markdown/Clear,0.5067274278947422,85
1059,Electronics_Cables_1059,Electronics,Cables,International,14.79,5354,2081,1031,119.98985520360543,19.998309200600904,18.48344721718525,23.006134792388394,267.7226332633723,5234.010144796394,3273,4323,1150.9898552036054,4203.010144796394,0.0,62162.52004153867,0.0,2.2849066069503987,0.11425498946089614,78.50224401935738,Markdown/Clear,0.45830101087031083,149
1060,Household_Detergent_1060,Household,Detergent,Local,22.02,5733,2258,1119,119.64640738585021,19.9410678976417,18.11294289215151,22.860635380197248,287.4971405457179,5613.353592614149,3475,4614,1238.6464073858501,4494.35359261415,0.0,98965.66610936359,0.0,2.250349378314945,0.11284999328351311,78.39444605990145,Markdown/Clear,0.48011730165778604,116
1061,Personal Care_Skincare_1061,Personal Care,Skincare,Budget,40.64,6647,2543,1264,120.63975486324503,20.106625810540837,18.36670177275961,23.076104243815152,330.58754177020245,6526.360245136755,4104,5383,1384.6397548632451,5262.360245136755,0.0,213862.32036235774,0.0,2.2413180740216623,0.11147161612997533,79.16895208570416,Markdown/Clear,0.555662858544916,43
1062,Personal Care_Deodorant_1062,Personal Care,Deodorant,Premium,17.61,6902,2701,1340,119.87888414130045,19.979814023550073,18.305612789729096,23.006134792388394,345.4486609267063,6782.121115858699,4201,5562,1459.8788841413004,5442.121115858699,0.0,95835.75285027169,0.0,2.3373110499907974,0.11698362393342723,78.84846589189655,Markdown/Clear,0.48430662490140874,111
1063,Snacks_Chocolates_1063,Snacks,Chocolates,Budget,10.29,9011,3591,1785,118.73800082000017,19.78966680333336,18.238750044221,22.931452707140632,455.3386416027071,8892.26199918,5420,7226,1903.7380008200003,7107.26199918,0.0,73133.72597156219,0.0,2.112828461224866,0.10676422610960697,78.87317721873266,Markdown/Clear,0.4585918820590623,148
1064,Snacks_Biscuits_1064,Snacks,Biscuits,Premium,11.23,9040,3661,1819,120.08331003424084,20.013885005706808,18.48344721718525,23.003005586951403,451.68641657640745,8919.91668996576,5379,7221,1939.0833100342409,7100.916689965759,0.0,79743.29442831548,0.0,2.301475123517167,0.11499392161296615,78.54996338457698,Markdown/Clear,0.4706327022656853,130
1065,Electronics_Chargers_1065,Electronics,Chargers,International,113.29,4849,1919,950,119.83503153116074,19.972505255193457,18.130400714060357,23.23027846304232,242.78376388155476,4729.164968468839,2930,3899,1069.8350315311607,3779.164968468839,0.0,428141.5992778348,0.0,2.4387514485927415,0.12210543531881621,77.93699666877374,Watch/Volatile,0.7009617521962571,11
1066,Household_Cleaning Supplies_1066,Household,Cleaning Supplies,BlueMart,30.89,6583,2640,1311,119.30888612835534,19.88481435472589,18.0955333797648,23.14436572005509,331.05664868505363,6463.691113871645,3943,5272,1430.3088861283554,5152.691113871644,0.0,159166.6285074951,0.0,2.1619443092811474,0.10872338412188055,78.27268895445305,Markdown/Clear,0.5140116483360151,76
1067,Grocery_Cereals_1067,Grocery,Cereals,Premium,32.38,9605,3691,1836,119.57968312966533,19.929947188277556,18.092994864190107,22.90650995235162,481.93805579422167,9485.420316870335,5914,7769,1955.5796831296652,7649.420316870335,0.0,247688.22986026146,0.0,2.309608185451316,0.11588631739123659,79.63998247652614,Markdown/Clear,0.5840740321238986,31
1068,Electronics_Chargers_1068,Electronics,Chargers,International,74.43,4732,1849,914,119.65013184218832,19.94168864036472,18.230112279243187,23.003005586951403,237.2918404924737,4612.349868157812,2883,3818,1033.6501318421883,3698.3498681578117,0.0,275268.18068698596,0.0,2.3728538518445323,0.11898961490360198,78.15616796614141,Watch/Volatile,0.5997147721213862,28
1069,Grocery_Spices_1069,Grocery,Spices,Premium,23.35,8697,3432,1706,120.22421556201395,20.03736926033566,18.459882726294488,23.008351711751075,434.03901415421194,8576.775784437987,5265,6991,1826.224215562014,6870.775784437986,0.0,160432.614566627,0.0,2.2450342351734864,0.11204236474383755,79.00167626121635,Markdown/Clear,0.5211767705131841,67
1070,Grocery_Canned Goods_1070,Grocery,Canned Goods,International,26.58,10620,4086,2031,118.39083244002913,19.731805406671523,18.26552493580839,22.13798327728548,538.2173491539335,10501.609167559971,6534,8589,2149.390832440029,8470.609167559971,0.0,225148.791673744,0.0,1.8405390921351337,0.09327778448052346,79.76091494877562,Markdown/Clear,0.545300388093059,45
1071,Grocery_Canned Goods_1071,Grocery,Canned Goods,BlueMart,4.26,11343,4269,2128,119.78233341993278,19.963722236655464,18.5208530670555,22.802944326199555,568.1806160963848,11223.217666580067,7074,9215,2247.782333419933,9095.217666580067,0.0,38745.62725963108,0.0,2.1959339119413213,0.10999621643249267,80.18352875412208,Markdown/Clear,0.4448240526232061,174
1072,Electronics_Chargers_1072,Electronics,Chargers,Budget,187.67,5314,2162,1066,119.96680113436081,19.994466855726802,18.02431295786228,23.18177156992534,265.77352816376634,5194.033198865639,3152,4248,1185.9668011343608,4128.033198865639,0.0,774707.9904311144,0.0,2.371364654189563,0.11860104454399885,77.68222052814525,Watch/Volatile,0.919859554056107,1
1073,Electronics_Chargers_1073,Electronics,Chargers,Premium,75.03,4836,1878,928,120.11310709103346,20.018851181838908,18.47499536641355,22.99831545264873,241.5723038286641,4715.886892908967,2958,3908,1048.1131070910335,3787.8868929089667,0.0,284205.1535749598,0.0,2.3070708600566685,0.11524491785770614,78.32685882772884,Markdown/Clear,0.6020332485769572,27
1074,Personal Care_Skincare_1074,Personal Care,Skincare,Local,46.87,7038,2897,1441,119.8713002553313,19.978550042555216,18.48344721718525,22.934744110711463,352.27781720939413,6918.128699744669,4141,5597,1560.8713002553313,5477.128699744669,0.0,256713.0221570326,0.0,2.2360877916941484,0.11192442829590636,77.82223216460171,Markdown/Clear,0.5787787335811839,33
1075,Snacks_Crackers_1075,Snacks,Crackers,Budget,7.55,9614,3885,1930,119.24781981464957,19.87463663577493,18.0955333797648,22.8311784845594,483.7321142613756,9494.75218018535,5729,7684,2049.2478198146496,7564.752180185351,0.0,57113.8789603994,0.0,2.29547430857029,0.11549767427890321,78.68475327839974,Markdown/Clear,0.4570813389331844,151
1076,Snacks_Chocolates_1076,Snacks,Chocolates,BlueMart,14.3,8633,3361,1671,118.23976982502217,19.706628304170362,18.305612789729096,22.098751653080576,438.07595428047244,8514.760230174978,5272,6962,1789.2397698250222,6843.760230174978,0.0,97865.77129150218,0.0,1.8494096025762075,0.09384708403846188,79.27441480568721,Markdown/Clear,0.46195410505524204,143
1077,Household_Cleaning Supplies_1077,Household,Cleaning Supplies,BlueMart,33.54,6381,2512,1245,120.91303872872568,20.15217312145428,18.421370297711512,23.31227658228858,316.64078913686484,6260.086961271274,3869,5136,1365.9130387287257,5015.086961271274,0.0,168206.01668103854,0.0,2.317351788976538,0.11499264992466016,78.59405988514769,Markdown/Clear,0.5278903961313571,61
1078,Electronics_Cables_1078,Electronics,Cables,Local,102.12,5327,2045,1012,119.67729843592124,19.946216405986874,18.40515510477166,22.85246951733709,267.0681943669826,5207.322701564079,3282,4315,1131.6772984359213,4195.322701564079,0.0,428426.35428372375,0.0,2.229216785745611,0.11176138573712203,78.7558231943698,Markdown/Clear,0.6929153506743089,14
1079,Beverages_Juices_1079,Beverages,Juices,International,2.97,8550,3559,1767,120.88830274240921,20.1480504570682,18.18167411038076,24.805041489766264,424.3586752087246,8429.111697257591,4991,6783,1887.8883027424092,6662.111697257591,0.0,19786.471740855046,0.0,2.6913769986149108,0.1335800207742055,77.91943505564434,Watch/Volatile,0.44986712665707473,166
1080,Snacks_Chips_1080,Snacks,Chips,International,13.55,8442,3286,1633,119.50644178413236,19.917740297355394,17.996054364420246,23.009281728303105,423.8432610310166,8322.493558215867,5156,6809,1752.5064417841324,6689.493558215868,0.0,90642.63771382501,0.0,2.3693666267654496,0.11895760218743517,79.24062494925217,Watch/Volatile,0.48457569497077213,110
1081,Snacks_Nuts_1081,Snacks,Nuts,Premium,7.31,8662,3252,1618,119.86307265099381,19.977178775165637,18.2935773478466,23.0768414625099,433.59475817316354,8542.136927349005,5410,7044,1737.863072650994,6924.136927349006,0.0,50615.44093892123,0.0,2.342629343055868,0.1172652740119679,79.93693058588093,Markdown/Clear,0.45949767217758086,146
1082,Household_Detergent_1082,Household,Detergent,Premium,27.34,6804,2680,1327,119.73506710292746,19.955844517154578,18.148275058080195,23.04286201146262,340.95274665780744,6684.264932897073,4124,5477,1446.7350671029274,5357.264932897073,0.0,146467.62326540597,0.0,2.362824726802271,0.11840264263289503,78.73699195909866,Watch/Volatile,0.5181168885853394,72
1083,Dairy_Cheese_1083,Dairy,Cheese,Budget,9.04,7593,3090,1534,119.93899573425219,19.989832622375364,18.35111242357192,23.16618222073765,379.84310041200007,7473.061004265748,4503,6059,1653.938995734252,5939.061004265748,0.0,53689.11147856236,0.0,2.367194243000489,0.11841991314878747,78.21758203958578,Watch/Volatile,0.4563143679791736,155
1084,Household_Paper Products_1084,Household,Paper Products,Local,36.19,6098,2441,1208,120.09002566603161,20.015004277671935,18.230512561866064,23.0768414625099,304.67143126233174,5977.909974333968,3657,4890,1328.0900256660316,4769.909974333968,0.0,172623.0419711463,0.0,2.311443043434,0.11548551333624087,78.2208916748765,Markdown/Clear,0.5298841442200982,56
1085,Personal Care_Skincare_1085,Personal Care,Skincare,Premium,17.31,7300,2971,1475,120.00265118726796,20.00044186454466,18.25261759067116,23.231717160431774,364.9919361502165,7179.997348812732,4329,5825,1595.002651187268,5704.9973488127325,0.0,98753.50410794839,0.0,2.3866622297897373,0.11933047509418479,78.15064861387306,Watch/Volatile,0.4861428487430428,108
1086,Grocery_Rice_1086,Grocery,Rice,BlueMart,11.91,11787,4627,2302,120.92973993486096,20.15495665581016,18.18575484516306,24.938837905700336,584.8189207890015,11666.070260065138,7160,9485,2422.929739934861,9364.070260065138,0.0,111526.0767973758,0.0,2.734046421281831,0.1356513173395327,79.44405073441196,Watch/Volatile,0.5170366910445944,73
1087,Snacks_Crackers_1087,Snacks,Crackers,International,5.28,7933,3281,1631,120.374013860954,20.062335643492332,18.36998678896445,23.13550340111247,395.41756956764135,7812.625986139046,4652,6302,1751.374013860954,6181.625986139046,0.0,32638.985206814166,0.0,2.314178011725254,0.11534938168955965,77.92292936012916,Markdown/Clear,0.43827534146858127,188
1088,Household_Cleaning Supplies_1088,Household,Cleaning Supplies,BlueMart,15.32,6694,2509,1244,118.15050264231773,19.69175044038629,18.20423658961885,22.05492814553304,339.93930708522043,6575.849497357683,4185,5450,1362.1505026423176,5331.849497357683,0.0,81683.9342995197,0.0,1.8320069005073047,0.09303423309438237,79.65117265249003,Markdown/Clear,0.45203142700102017,161
1089,Electronics_Mobile Accessories_1089,Electronics,Mobile Accessories,International,41.13,4672,1811,894,119.68946711522075,19.94824451920346,18.11481136487266,22.98412483419288,234.20607239411132,4552.31053288478,2861,3778,1013.6894671152207,3658.310532884779,0.0,150466.31221755096,0.0,2.3526397976069595,0.11793718466515475,78.30287955660914,Watch/Volatile,0.5185667437577078,71
1090,Dairy_Cheese_1090,Dairy,Cheese,Premium,20.51,7425,2963,1472,120.16557548658487,20.02759591443081,18.22869717183753,22.84504603100956,370.7384566636849,7304.834424513415,4462,5953,1592.1655754865849,5832.834424513415,0.0,119631.43404677015,0.0,2.1935494323363507,0.10952634763096036,78.55669258603926,Markdown/Clear,0.4904336322032204,100
1091,Dairy_Butter_1091,Dairy,Butter,BlueMart,5.54,8299,3194,1583,119.52209937152985,19.920349895254976,17.978430822138137,23.097920744497703,416.60914811425175,8179.47790062847,5105,6716,1702.5220993715297,6596.47790062847,0.0,36544.487569481724,0.0,2.388997503110923,0.11992748700061648,79.48521388876334,Watch/Volatile,0.4516335438530603,162
1092,Household_Detergent_1092,Household,Detergent,Premium,17.12,6180,2509,1245,119.46394572012875,19.910657620021457,17.993762672066136,23.26257278680147,310.3865335811716,6060.536054279872,3671,4935,1364.4639457201288,4815.536054279872,0.0,82441.97724927141,0.0,2.191747684875979,0.11007912077560084,77.92129537669695,Markdown/Clear,0.4646594773791921,137
1093,Snacks_Chips_1093,Snacks,Chips,BlueMart,5.29,9149,3738,1857,119.79351601862705,19.96558600310451,18.25515610624585,23.00528858269913,458.23849090016165,9029.206483981374,5411,7292,1976.793516018627,7172.206483981373,0.0,37940.97230026146,0.0,2.307139150517912,0.11555579436331938,78.3933378946483,Markdown/Clear,0.4436811051176841,177
1094,Grocery_Rice_1094,Grocery,Rice,Premium,16.47,10898,4555,2266,119.88964283002187,19.98160713833698,18.37210469896556,23.06837570563608,545.4015747857915,10778.110357169979,6343,8632,2385.889642830022,8512.110357169979,0.0,140194.45758258953,0.0,2.320866779034988,0.11615015563898971,78.1070871459899,Markdown/Clear,0.5092546561819259,80
1095,Snacks_Chocolates_1095,Snacks,Chocolates,Local,16.47,8394,3366,1671,119.4812463623717,19.913541060395286,18.03837071436264,22.94155853712176,421.52221820027114,8274.518753637629,5028,6723,1790.4812463623716,6603.518753637629,0.0,108759.95387241174,0.0,2.3453905726368025,0.11777867961923626,78.66951100354574,Watch/Volatile,0.492846830802668,98
1096,Electronics_Mobile Accessories_1096,Electronics,Mobile Accessories,International,88.73,4559,1847,914,119.93712784161949,19.98952130693658,18.17242381802409,23.097920744497703,228.06949351098154,4439.062872158381,2712,3645,1033.9371278416195,3525.0628721583807,0.0,312778.8286466131,0.0,2.3340245018149677,0.11676240095879814,77.32096670669841,Markdown/Clear,0.6183709377348516,23
1097,Snacks_Crackers_1097,Snacks,Crackers,Local,1.68,8265,3353,1667,120.77062495020056,20.128437491700094,18.44511735656032,23.231717160431774,410.61309420604806,8144.229375049799,4912,6598,1787.7706249502005,6477.229375049799,0.0,10881.745350083662,0.0,2.278328896825432,0.11318955571016849,78.36938142830972,Markdown/Clear,0.4235445008085811,198
1098,Electronics_Mobile Accessories_1098,Electronics,Mobile Accessories,Premium,76.34,4979,1955,967,119.7041028868154,19.950683814469233,18.358284916781344,22.98412483419288,249.5653806306619,4859.295897113185,3024,4012,1086.7041028868155,3892.2958971131848,0.0,297137.86878562055,0.0,2.345324064049917,0.11755607406042749,78.17424979138752,Watch/Volatile,0.6123323595070747,26
1099,Personal Care_Toothpaste_1099,Personal Care,Toothpaste,BlueMart,28.2,7420,2959,1469,117.94716039280777,19.65786006546796,18.11151996130183,22.15002504940098,377.4571583727145,7302.052839607192,4461,5951,1586.9471603928077,5833.052839607192,0.0,164492.09007692282,0.0,1.9121023123792458,0.0972690977558715,78.61257196236107,Markdown/Clear,0.5062162153490465,86
1100,Electronics_Mobile Accessories_1100,Electronics,Mobile Accessories,Budget,10.36,5688,2324,1151,119.98243228891126,19.997072048151875,18.370078764765942,22.91915476152377,284.4416415715062,5568.017567711088,3364,4537,1270.9824322889112,4417.017567711089,0.0,45760.30200148688,0.0,2.2684823257829874,0.11344072373798543,77.6550205293792,Markdown/Clear,0.4436589532111427,178
1101,Snacks_Crackers_1101,Snacks,Crackers,Local,17.17,7829,3093,1537,119.53843693176862,19.923072821961437,18.312585919779497,22.91915476152377,392.96147085152455,7709.461563068231,4736,6292,1656.5384369317685,6172.461563068231,0.0,105981.16503788154,0.0,2.31068093925226,0.11598014823823609,78.84099582409287,Markdown/Clear,0.4897312355811443,103
1102,Snacks_Biscuits_1102,Snacks,Biscuits,Premium,13.18,8746,3326,1651,120.01023014689889,20.001705024483147,18.43285686157552,22.99435511834564,437.2627228176014,8625.9897698531,5420,7095,1771.010230146899,6974.989769853101,0.0,91930.36516666388,0.0,2.316022601079555,0.11579125870742621,79.75062622745371,Markdown/Clear,0.4838570660415512,112
1103,Dairy_Milk_1103,Dairy,Milk,Premium,26.93,8412,3249,1612,120.03841235655139,20.00640205942523,18.48851176207801,22.812297731800875,420.46540777365897,8291.96158764345,5163,6800,1732.0384123565514,6679.961587643449,0.0,179891.3655552381,0.0,2.166003756466057,0.10826553170491889,79.40990950598488,Markdown/Clear,0.5311389740123815,54
1104,Grocery_Pasta_1104,Grocery,Pasta,Budget,12.22,10990,4520,2249,120.56907585837125,20.09484597639521,18.378149814548426,23.20376295263377,546.9064063944362,10869.430924141629,6470,8741,2369.5690758583714,8620.430924141629,0.0,105341.66589301071,0.0,2.3173299745914506,0.11531961863820932,78.43886191211674,Markdown/Clear,0.4870941951177241,107
1105,Beverages_Water_1105,Beverages,Water,Budget,13.0,8876,3472,1726,119.93671562447844,19.98945260407974,18.18715720817561,22.91915476152377,444.03417020976633,8756.063284375521,5404,7150,1845.9367156244784,7030.063284375521,0.0,91390.82269688178,0.0,2.265951299222563,0.1133573462016711,79.20305638097703,Markdown/Clear,0.47880509424608836,118
1106,Snacks_Chocolates_1106,Snacks,Chocolates,BlueMart,6.58,9450,3697,1836,119.3984660432492,19.899744340541535,17.946594149003033,22.994768104596467,474.88047274796475,9330.601533956751,5753,7614,1955.3984660432493,7494.601533956751,0.0,49314.47809343542,0.0,2.3410320574980252,0.11764131324685743,79.30795274028308,Watch/Volatile,0.45671719277978684,152
1107,Electronics_Mobile Accessories_1107,Electronics,Mobile Accessories,Premium,116.72,5227,2032,1006,119.41430651609579,19.9023844193493,17.986882672909843,23.03943561263965,262.6318480170777,5107.585693483904,3195,4221,1125.4143065160958,4101.585693483904,0.0,478737.08214344125,0.0,2.394381731808786,0.1203062749346226,78.46921166030045,Watch/Volatile,0.7336419788449942,8
1108,Dairy_Butter_1108,Dairy,Butter,Budget,27.6,8183,3272,1627,119.535853739847,19.9226422899745,18.007623624735636,23.128151534279716,410.7386902247329,8063.464146260153,4911,6556,1746.535853739847,6436.464146260153,0.0,177646.41043678022,0.0,2.410336706839366,0.1209847906596355,78.65653362165652,Watch/Volatile,0.540757621384977,48
1109,Electronics_Batteries_1109,Electronics,Batteries,Budget,26.62,4915,1938,957,120.25042158435096,20.04173693072516,18.07994403057711,23.272024428873717,245.23822545864357,4794.749578415649,2977,3958,1077.250421584351,3837.749578415649,0.0,102160.89377742459,0.0,2.398129642012004,0.11965677677045697,78.0823922363306,Watch/Volatile,0.4884430102665517,105
1110,Grocery_Canned Goods_1110,Grocery,Canned Goods,Budget,12.54,10379,4144,2061,118.0342314182758,19.672371903045967,18.290023440541404,22.06242559898945,527.5927097734956,10260.965768581724,6235,8318,2179.034231418276,8199.965768581724,0.0,102827.57073801481,0.0,1.844018840582046,0.09373647721129792,79.00535474112846,Markdown/Clear,0.46402991286951234,141
1111,Snacks_Nuts_1111,Snacks,Nuts,Local,9.55,8459,3326,1657,117.8213023335029,19.636883722250484,18.18167411038076,22.0329687033516,430.7709980690641,8341.178697666497,5133,6802,1774.821302333503,6684.178697666497,0.0,63833.90656271505,0.0,1.8503915692527548,0.09423040821676214,79.01854471765571,Markdown/Clear,0.4394516932264663,186
1112,Household_Paper Products_1112,Household,Paper Products,Premium,7.32,6850,2735,1358,119.64879862483622,19.9414664374727,18.233077050983876,22.84504603100956,343.5053295342376,6730.351201375164,4115,5492,1477.6487986248362,5372.351201375164,0.0,39325.610794066204,0.0,2.2394582986117015,0.11230158552449572,78.42848469160823,Markdown/Clear,0.44115396731376816,182
1113,Dairy_Cheese_1113,Dairy,Cheese,Budget,16.07,8548,3404,1690,119.30851473391189,19.88475245565198,18.008723608674586,22.910702910752065,429.87711408850566,8428.691485266088,5144,6858,1809.3085147339118,6738.691485266088,0.0,108290.77216822605,0.0,2.340521547920684,0.11770433416964268,78.83354568631363,Watch/Volatile,0.4930760756236814,97
1114,Electronics_Batteries_1114,Electronics,Batteries,Budget,99.08,5278,2008,992,119.29536662508026,19.882561104180045,18.23464890259929,22.815589135371702,265.458759178181,5158.7046333749195,3270,4286,1111.2953666250803,4166.7046333749195,0.0,412837.09507478704,0.0,2.2745378364183515,0.1143986342856082,78.94476380020689,Markdown/Clear,0.6864390151309554,15
1115,Household_Paper Products_1115,Household,Paper Products,International,28.87,6689,2724,1350,120.0854078146687,20.014234635778116,18.469260231010107,23.01687313340156,334.21213060241234,6568.9145921853315,3965,5339,1470.0854078146688,5218.9145921853315,0.0,150670.06427639053,0.0,2.27901903658437,0.11386990699660927,78.02234403027853,Markdown/Clear,0.5132098266465512,77
1116,Personal Care_Skincare_1116,Personal Care,Skincare,Premium,54.72,7554,3020,1499,119.62733869112276,19.937889781853794,17.986882672909843,23.101981207759632,378.8766054306897,7434.3726613088775,4534,6055,1618.6273386911228,5935.3726613088775,0.0,324783.59202682175,0.0,2.3768714579868275,0.11921379263266393,78.5725795778247,Watch/Volatile,0.6334736128208901,20
1117,Snacks_Crackers_1117,Snacks,Crackers,BlueMart,6.33,7685,3075,1523,119.68472966954555,19.947454944924257,18.50526371786781,23.19431131056153,385.2621811262941,7565.315270330454,4610,6162,1642.6847296695455,6042.315270330455,0.0,38247.85566119178,0.0,2.1044918809932116,0.10550177387560469,78.62479206675933,Markdown/Clear,0.43376980106382323,192
1118,Dairy_Milk_1118,Dairy,Milk,International,15.14,7316,3032,1505,118.27310988634889,19.712184981058147,18.39250642948512,22.04575645402264,371.14099766363285,7197.726890113651,4284,5811,1623.273109886349,5692.726890113651,0.0,86187.88511632069,0.0,1.807271875772491,0.09168298073040287,77.81201326016472,Markdown/Clear,0.44658800200523896,171
1119,Grocery_Pasta_1119,Grocery,Pasta,Local,20.19,9845,3970,1974,119.96490775682913,19.994151292804855,18.46785786799756,23.01687313340156,492.39399341460654,9725.035092243172,5875,7871,2093.9649077568292,7751.035092243171,0.0,156493.39851238963,0.0,2.2647617301194773,0.11327121101331669,78.73067640673612,Markdown/Clear,0.5189626710185792,70
1120,Grocery_Cereals_1120,Grocery,Cereals,Premium,26.25,10795,4071,2026,119.77555676363774,19.962592793939624,18.19526981650298,23.090745684409463,540.7614186909236,10675.224443236362,6724,8769,2145.7755567636377,8649.224443236362,0.0,227042.14163495452,0.0,2.3944921862566324,0.11994895708054358,80.12250526388478,Watch/Volatile,0.5769873989243098,34
1121,Grocery_Rice_1121,Grocery,Rice,Budget,25.39,10212,3824,1899,117.81484209072616,19.635807015121028,18.11481136487266,22.21014193054328,520.0702977033744,10094.185157909274,6388,8313,2016.8148420907262,8195.185157909274,0.0,208075.75115931648,0.0,1.7160562036465548,0.08739422842794616,80.25054012837127,Markdown/Clear,0.5296894529729144,58
1122,Dairy_Yogurt_1122,Dairy,Yogurt,Local,21.58,7078,2682,1331,118.77482257774223,19.79580376295704,18.11481136487266,22.91586335795294,357.5505235733206,6959.225177422258,4396,5747,1449.7748225777423,5628.225177422258,0.0,121457.09932877231,0.0,2.1001973308603636,0.10609305669064899,79.51716837273605,Markdown/Clear,0.4914548059151776,99
1123,Beverages_Water_1123,Beverages,Water,International,7.15,8892,3495,1736,120.03309957778664,20.005516596297774,18.18575484516306,23.01687313340156,444.4773998810686,8771.966900422214,5397,7156,1856.0330995777867,7035.966900422213,0.0,50307.16333801883,0.0,2.306123498631003,0.11527437882097856,79.1269332031288,Markdown/Clear,0.45409751079881666,159
1124,Dairy_Cheese_1124,Dairy,Cheese,Premium,13.62,7384,2897,1438,119.41923387296366,19.903205645493944,18.1653146246399,22.905014360117896,370.99551356299867,7264.580766127036,4487,5946,1557.4192338729636,5826.580766127036,0.0,79358.03003465023,0.0,2.3062502845028794,0.11587330832935502,78.90819022382227,Markdown/Clear,0.47268311492399395,126
1125,Personal Care_Toothpaste_1125,Personal Care,Toothpaste,Premium,16.65,6533,2493,1236,120.37303243395554,20.062172072325925,18.48851176207801,23.307330503504478,325.6377214016484,6412.626967566044,4040,5297,1356.3730324339556,5176.626967566044,0.0,86190.83900997463,0.0,2.4002917464341036,0.11964266569845165,79.23812899993945,Watch/Volatile,0.4824409445747859,113
1126,Beverages_Soft Drinks_1126,Beverages,Soft Drinks,Budget,14.71,10130,4134,2058,120.73868818303623,20.123114697172706,18.35001243963297,23.216965695838628,503.4011957116789,10009.261311816963,5996,8072,2178.738688183036,7951.261311816964,0.0,116963.05389682755,0.0,2.2914377776739157,0.11387092963277012,78.49221433185551,Markdown/Clear,0.493212800418717,95
1127,Grocery_Rice_1127,Grocery,Rice,Premium,13.66,10411,4003,1992,118.70309853870438,19.78384975645073,18.21986929146248,22.873297060881814,526.2373162031007,10292.296901461295,6408,8419,2110.7030985387046,8300.296901461295,0.0,113382.0556739613,0.0,2.0042228227296386,0.10130600704123022,79.72622131842566,Markdown/Clear,0.4817992644960874,114
1128,Grocery_Spices_1128,Grocery,Spices,Local,18.5,9979,3977,1976,120.99091412973489,20.165152354955815,18.25261759067116,24.576081906251044,494.86360550841795,9858.009085870264,6002,8003,2096.990914129735,7882.009085870265,0.0,145817.1680885999,0.0,2.6082237953388243,0.12934312369317774,78.9859613775956,Watch/Volatile,0.5305700426544203,55
1129,Electronics_Chargers_1129,Electronics,Chargers,Premium,105.63,5485,2143,1062,120.0749419363957,20.012490322732617,18.357992422728213,22.8368801681494,274.07883334586654,5364.925058063604,3342,4423,1182.0749419363956,4302.925058063604,0.0,454517.9738832585,0.0,2.1662629206293897,0.10824554494193485,78.44895274500647,Markdown/Clear,0.7047700602344451,10
1130,Snacks_Nuts_1130,Snacks,Nuts,Premium,11.68,8394,3324,1651,119.85482974649867,19.975804957749776,17.986882672909843,23.054278983271807,420.2083479366111,8274.145170253501,5070,6743,1770.8548297464986,6623.145170253501,0.0,77358.33558856089,0.0,2.3372674108092424,0.11700491748656569,78.90332583099239,Markdown/Clear,0.4726095429957172,127
1131,Snacks_Crackers_1131,Snacks,Crackers,Premium,12.95,7367,2895,1437,120.0421974951073,20.007032915851216,18.38816363835588,23.0768414625099,368.22051680453114,7246.957802504892,4472,5930,1557.0421974951073,5809.957802504892,0.0,75238.95354243835,0.0,2.305310149189335,0.11522498907686002,78.8646369282597,Markdown/Clear,0.4691541473315294,134
1132,Dairy_Butter_1132,Dairy,Butter,Local,19.89,9190,3692,1835,119.73474740184167,19.95579123364028,18.11151996130183,23.228425756860947,460.5179465150972,9070.265252598158,5498,7355,1954.7347474018416,7235.265252598158,0.0,143909.42587417737,0.0,2.4118196843719457,0.12085813366829797,78.72976335797779,Watch/Volatile,0.5191191206543593,69
1133,Electronics_Mobile Accessories_1133,Electronics,Mobile Accessories,Premium,23.06,4714,1941,961,120.22097023036152,20.03682837172692,18.34516069281017,23.173534087570403,235.2667753870526,4593.779029769638,2773,3753,1081.2209702303614,3632.7790297696383,0.0,83771.88442648786,0.0,2.4138739614838274,0.12047185895398185,77.06361963872801,Watch/Volatile,0.47365590611010533,124
1134,Household_Paper Products_1134,Household,Paper Products,International,8.98,5700,2249,1115,119.83473920953578,19.97245653492263,18.36028411508232,22.93586998648759,285.39303565554513,5580.165260790464,3451,4585,1234.8347392095359,4465.165260790464,0.0,40097.18404189837,0.0,2.262983266876369,0.11330520424062274,78.33623264544674,Markdown/Clear,0.4424025935096891,181
1135,Household_Trash Bags_1135,Household,Trash Bags,BlueMart,31.02,6718,2737,1357,120.13811105495839,20.02301850915973,18.459406017225856,23.228425756860947,335.51384857017354,6597.861888945042,3981,5361,1477.1381110549585,5240.861888945042,0.0,162571.53579507518,0.0,2.3656802847743448,0.11814803465781848,78.01223413136412,Watch/Volatile,0.5255231478808845,63
1136,Personal Care_Shampoo_1136,Personal Care,Shampoo,Premium,41.22,7049,2820,1400,119.8935712859585,19.982261880993082,17.796857898188556,24.62500406033193,352.7628674862346,6929.106428714042,4229,5649,1519.8935712859584,5529.106428714042,0.0,227909.7669915928,0.0,2.7463443544712813,0.13743911329095207,78.4381675232521,Watch/Volatile,0.5903424536829349,30
1137,Snacks_Nuts_1137,Snacks,Nuts,Local,5.32,8635,3452,1713,118.08575823876986,19.680959706461643,18.11151996130183,22.083162303892884,438.748929360643,8516.91424176123,5183,6922,1831.0857582387698,6803.91424176123,0.0,36196.82376616975,0.0,1.8579725723413834,0.09440457173088844,78.79460615820764,Markdown/Clear,0.42096755929279556,199
1138,Household_Cleaning Supplies_1138,Household,Cleaning Supplies,Local,31.58,6086,2517,1248,119.88268831663193,19.980448052771987,18.470396383572258,22.98741623776371,304.5977739801315,5966.117311683368,3569,4838,1367.8826883166319,4718.117311683368,0.0,148998.14470296074,0.0,2.288688835026699,0.1145464220312706,77.5241096234533,Markdown/Clear,0.5110066760492484,79
1139,Dairy_Cream_1139,Dairy,Cream,Premium,17.78,7018,2709,1346,119.05885692755953,19.84314282125992,17.722643285847703,24.58886965692208,353.6738138315934,6898.94114307244,4309,5672,1465.0588569275596,5552.94114307244,0.0,98731.29352382799,0.0,2.648199366107212,0.13345664998540122,79.12426821134854,Watch/Volatile,0.505187819220421,88
1140,Personal Care_Shampoo_1140,Personal Care,Shampoo,Budget,23.79,7639,3141,1557,120.63571581872475,20.105952636454123,18.46785786799756,23.26257278680147,379.9372324268645,7518.364284181275,4498,6082,1677.6357158187247,5961.364284181275,0.0,141820.85632067252,0.0,2.3177387722403675,0.11527624749488731,78.03854279593239,Markdown/Clear,0.5090941752967495,81
1141,Beverages_Coffee_1141,Beverages,Coffee,BlueMart,6.09,7983,3116,1548,120.07661220832854,20.01276870138809,18.40239748550201,23.090745684409463,398.89533123152006,7862.923387791671,4867,6435,1668.0766122083285,6314.923387791671,0.0,38457.88343165128,0.0,2.290603998638886,0.11445712648845081,79.10463970677279,Markdown/Clear,0.4454745093735649,172
1142,Electronics_Mobile Accessories_1142,Electronics,Mobile Accessories,Premium,9.06,4680,1844,912,119.4735953660828,19.912265894347133,18.071492179805404,22.91915476152377,235.03101178096458,4560.526404633917,2836,3768,1031.473595366083,3648.526404633917,0.0,33055.64922598329,0.0,2.3217267205077987,0.11659781628201894,77.95996591098114,Markdown/Clear,0.4400454585747543,184
1143,Dairy_Cheese_1143,Dairy,Cheese,Local,13.46,7607,2981,1480,120.13557724312382,20.022596207187302,18.47842809492659,22.98272610346104,379.9207615878202,7486.864422756877,4626,6127,1600.1355772431239,6006.864422756877,0.0,80852.39513030756,0.0,2.253432623609614,0.1125444772641783,78.96495888992871,Markdown/Clear,0.4702261690631204,132
1144,Household_Detergent_1144,Household,Detergent,International,10.6,7214,2976,1475,119.47645249021663,19.91274208170277,18.120497442190217,23.00857998626996,362.2805925171266,7094.523547509783,4238,5739,1594.4764524902166,5619.523547509783,0.0,59566.9496036037,0.0,2.3963567619621204,0.12034288156446629,77.89747085541701,Watch/Volatile,0.46101032567452216,144
1145,Household_Trash Bags_1145,Household,Trash Bags,Budget,8.43,6393,2507,1244,120.42602467057797,20.071004111762996,18.37460481897552,23.19431131056153,318.51919138680563,6272.573975329422,3886,5149,1364.426024670578,5028.573975329422,0.0,42390.87861202702,0.0,2.350928595552216,0.1171305920950118,78.65750000515285,Markdown/Clear,0.44925960302755397,168
1146,Snacks_Chocolates_1146,Snacks,Chocolates,BlueMart,12.18,7552,2997,1489,119.59631336285526,19.93271889380921,18.357992422728213,22.913307507249492,378.87455495825674,7432.403686637144,4555,6063,1608.5963133628552,5943.403686637144,0.0,72390.65690324042,0.0,2.2498181127107006,0.11287060860570601,78.6997310200893,Markdown/Clear,0.46412941938406205,140
1147,Snacks_Crackers_1147,Snacks,Crackers,Budget,14.86,9530,3859,1920,120.46348890551566,20.077248150919278,18.48547319700842,23.32903639131996,474.66664397250327,9409.536511094484,5671,7610,2040.4634889055158,7489.536511094484,0.0,111294.51255486404,0.0,2.416648708668128,0.12036752698887555,78.5890504836777,Watch/Volatile,0.49700775510072015,93
1148,Household_Cleaning Supplies_1148,Household,Cleaning Supplies,Local,34.75,6849,2739,1360,119.73954914390634,19.95659152398439,18.291422171273247,23.096327988715448,343.19487833223826,6729.2604508560935,4110,5489,1479.7395491439063,5369.2604508560935,0.0,186581.80066724925,0.0,2.355109791368577,0.11801162480768022,78.39480874370118,Watch/Volatile,0.5423007558536886,47
1149,Electronics_Chargers_1149,Electronics,Chargers,Premium,68.95,4365,1721,848,119.70963615611086,19.951606026018478,18.399032763864483,22.98412483419288,218.77938018161012,4245.290363843889,2644,3517,967.7096361561108,3397.2903638438893,0.0,234243.17058703618,0.0,2.3098227764413655,0.11577127041448058,77.83024888531247,Markdown/Clear,0.5685056358937985,37
1150,Electronics_Batteries_1150,Electronics,Batteries,International,80.96,4801,1882,928,119.90185559999878,19.983642599999797,18.07740551500241,23.0768414625099,240.2464903971035,4681.098144400001,2919,3873,1047.9018555999987,3753.0981444000013,0.0,303850.8257706241,0.0,2.3351015397031976,0.1168506456226965,78.17325857946264,Markdown/Clear,0.6158912059060785,25
1151,Electronics_Cables_1151,Electronics,Cables,Budget,110.85,5174,2031,1004,118.96785085012405,19.827975141687343,18.46785786799756,22.950010387893464,260.94444657245504,5055.032149149876,3143,4170,1122.967850850124,4051.032149149876,0.0,449056.91373326373,0.0,2.0742200938340876,0.10461078748647117,78.29594412736522,Markdown/Clear,0.6967059045897346,13
1152,Personal Care_Toothpaste_1152,Personal Care,Toothpaste,BlueMart,34.18,6448,2668,1321,120.07577497292198,20.01262916215366,18.09805940908286,23.094629340926875,322.1965463785218,6327.924225027078,3780,5127,1441.0757749729219,5006.924225027078,0.0,171136.67001142554,0.0,2.3347467595144105,0.1166636697555813,77.65080994148694,Markdown/Clear,0.5280797344563404,60
1153,Electronics_Batteries_1153,Electronics,Batteries,International,109.83,4723,1902,945,117.28116659359775,19.546861098932958,18.06319207478731,21.995562853481356,241.62447239458942,4605.718833406402,2821,3778,1062.2811665935978,3660.718833406402,0.0,402056.74947302515,0.0,1.669754101296119,0.08542313227913964,77.50833862812624,Markdown/Clear,0.6424829263342201,19
1154,Household_Cleaning Supplies_1154,Household,Cleaning Supplies,Premium,9.98,6856,2755,1365,119.89930258350387,19.983217097250645,18.183809556546606,23.097920744497703,343.0879005434651,6736.100697416496,4101,5491,1484.8993025835039,5371.100697416496,0.0,53603.58496021663,0.0,2.36018338342462,0.1181082791593823,78.34160877211926,Watch/Volatile,0.45638264841299214,154
1155,Electronics_Mobile Accessories_1155,Electronics,Mobile Accessories,Local,15.84,5165,2037,1005,123.14091124682649,20.523485207804416,18.106359514100955,24.58886965692208,251.66290947679383,5041.859088753174,3128,4160,1128.1409112468266,4036.8590887531736,0.0,63943.84796585027,0.0,3.140578881158917,0.15302366286037308,78.1579688045145,Watch/Volatile,0.5004821921252334,92
1156,Personal Care_Soap_1156,Personal Care,Soap,BlueMart,25.64,6814,2678,1326,120.50423664429019,20.08403944071503,18.459406017225856,23.23012440464952,339.2743785488906,6693.49576335571,4136,5488,1446.5042366442901,5367.49576335571,0.0,137622.5913724404,0.0,2.42406253928955,0.1206959658909756,78.7715844343368,Watch/Volatile,0.5150408924036568,75
1157,Household_Cleaning Supplies_1157,Household,Cleaning Supplies,Local,9.5,6196,2444,1211,119.75572708350026,19.959287847250042,18.233077050983876,22.812297731800875,310.4319175823538,6076.2442729164995,3752,4985,1330.7557270835002,4865.2442729164995,0.0,46219.82059270675,0.0,2.204464227853884,0.1104480402670084,78.52234139632827,Markdown/Clear,0.4439311208461899,176
1158,Snacks_Crackers_1158,Snacks,Crackers,Local,5.31,8483,3272,1624,120.58420129847295,20.097366883078823,18.485779961759345,22.986017507031868,422.09509580791627,8362.415798701528,5211,6859,1744.5842012984729,6738.415798701527,0.0,35780.987891105106,0.0,2.207305693666048,0.10983059156493336,79.43434868208801,Markdown/Clear,0.4399292165884186,185
1159,Electronics_Batteries_1159,Electronics,Batteries,Premium,122.11,4859,1882,932,123.26209287270032,20.543682145450052,18.312585919779497,24.71570073153852,236.52040396644063,4735.7379071273,2977,3927,1055.2620928727004,3803.7379071273,0.0,464474.4358393146,0.0,3.178253215247156,0.15470708672111463,78.2823195539679,Watch/Volatile,0.7612888490566992,7
1160,Snacks_Nuts_1160,Snacks,Nuts,Budget,4.8,8859,3587,1783,118.01441804944626,19.66906967490771,18.223160695033307,22.083162303892884,450.4025938400957,8740.985581950554,5272,7076,1901.0144180494462,6957.985581950554,0.0,33398.33079336266,0.0,1.8567137190373493,0.09439763800348941,78.54143336663905,Markdown/Clear,0.41820739683615027,200
1161,Electronics_Batteries_1161,Electronics,Batteries,International,58.17,4489,1776,877,120.82651286577827,20.13775214429638,18.487758874081877,23.19431131056153,222.9146514384636,4368.173487134221,2713,3612,997.8265128657782,3491.173487134222,0.0,203081.5617465977,0.0,2.2780095105855205,0.11312134017056724,77.77174174948144,Markdown/Clear,0.5452825078071273,46
1162,Dairy_Yogurt_1162,Dairy,Yogurt,International,14.64,8058,3173,1574,117.91176013590673,19.65196002265112,18.11481136487266,22.02967729978077,410.0354361962999,7940.088239864093,4885,6484,1691.9117601359067,6366.088239864093,0.0,93199.53183161034,0.0,1.8420988964185931,0.0937361410411666,79.0033288640369,Markdown/Clear,0.4578079932489019,150
1163,Household_Paper Products_1163,Household,Paper Products,International,27.08,6520,2646,1311,119.40993607638123,19.901656012730204,18.239781402190555,22.905014360117896,327.61092824785266,6400.590063923619,3874,5209,1430.4099360763812,5089.590063923619,0.0,137826.0989310516,0.0,2.2856349969015892,0.11484647284826802,78.06119729944201,Markdown/Clear,0.5061315034568532,87
1164,Electronics_Cables_1164,Electronics,Cables,BlueMart,126.3,5465,2077,1028,120.36307344341631,20.060512240569384,18.50526371786781,22.959182079403867,272.4257453878897,5344.636926556584,3388,4437,1148.3630734434164,4316.636926556584,0.0,545191.2438240965,0.0,2.2425301299804334,0.11178827853883272,78.98695199554591,Markdown/Clear,0.769169314639961,5
1165,Personal Care_Skincare_1165,Personal Care,Skincare,International,13.15,6716,2520,1249,119.78695908991506,19.96449318165251,18.290023440541404,23.06261659458558,336.3972197487109,6596.213040910085,4196,5467,1368.786959089915,5347.213040910085,0.0,70315.85148796761,0.0,2.327196661638581,0.11656677885403516,79.61901490336636,Markdown/Clear,0.47026149088107133,131
1166,Grocery_Spices_1166,Grocery,Spices,BlueMart,37.47,11938,4611,2292,119.52538518397061,19.92089753066177,18.46785786799756,22.815589135371702,599.2701875819257,11818.47461481603,7327,9646,2411.5253851839707,9526.47461481603,0.0,356957.00381715666,0.0,2.227795861575215,0.11183210285310916,79.79958631945074,Markdown/Clear,0.6507677966649288,18
1167,Grocery_Rice_1167,Grocery,Rice,Budget,30.01,9257,3739,1858,119.8853309604064,19.980888493401068,18.380556549737268,23.01687313340156,463.29271108525717,9137.114669039594,5518,7399,1977.8853309604065,7279.1146690395935,0.0,218446.2312178782,0.0,2.301499114873675,0.11518502371072104,78.63362503013497,Markdown/Clear,0.5606735496441511,39
1168,Snacks_Chips_1168,Snacks,Chips,Local,11.5,8628,3443,1710,120.10638996629004,20.01773166104834,18.39551748634572,23.06051489462746,431.01786686394945,8507.89361003371,5185,6918,1830.10638996629,6797.8936100337105,0.0,78175.77651538767,0.0,2.304495540783708,0.11512271119449208,78.7887530138353,Markdown/Clear,0.4706542668299011,129
1169,Beverages_Soft Drinks_1169,Beverages,Soft Drinks,International,3.98,7931,3159,1570,119.93265882609859,19.988776471016433,18.11481136487266,23.14642763761469,396.77265947217364,7811.067341173902,4772,6361,1689.9326588260985,6241.067341173902,0.0,24839.448017872128,0.0,2.432804557376166,0.12170852782828971,78.69206078897871,Watch/Volatile,0.4430581414990744,179
1170,Dairy_Yogurt_1170,Dairy,Yogurt,International,14.28,7467,2957,1465,120.03614778743395,20.00602463123899,18.46785786799756,22.815589135371702,373.2375690640926,7346.963852212566,4510,6002,1585.036147787434,5881.963852212566,0.0,83994.44380959544,0.0,2.168096335061972,0.10837217163456526,78.77278494994732,Markdown/Clear,0.46698131840036483,135
1171,Personal Care_Toothpaste_1171,Personal Care,Toothpaste,BlueMart,24.39,6625,2665,1319,119.83826431027691,19.97304405171282,18.42340201881669,23.06261659458558,331.6970604404121,6505.161735689723,3960,5306,1438.8382643102768,5186.161735689723,0.0,126490.48473347235,0.0,2.3186805935826915,0.11609049614967677,78.28168657644865,Markdown/Clear,0.5009976324282137,91
1172,Electronics_Chargers_1172,Electronics,Chargers,Premium,88.34,4294,1705,844,118.76193589553691,19.793655982589485,18.50526371786781,21.390832648557385,216.93819493361943,4175.238064104463,2589,3450,962.7619358955369,3331.238064104463,0.0,294281.57058298826,0.0,1.3861913285827827,0.0700321016896564,77.57890228468708,Markdown/Clear,0.55638782984195,42
1173,Electronics_Batteries_1173,Electronics,Batteries,Budget,90.5,5326,2116,1046,120.1386554191531,20.023109236525517,18.39551748634572,22.86760851024765,265.99265564033783,5205.861344580847,3210,4280,1166.138655419153,4159.861344580847,0.0,376467.4516845666,0.0,2.174602557996834,0.10860463938487604,78.10479430305757,Markdown/Clear,0.6535013140918523,17
1174,Electronics_Mobile Accessories_1174,Electronics,Mobile Accessories,Premium,141.42,5097,2062,1016,119.51398712627326,19.918997854378876,18.25785857989653,22.986017507031868,255.886367239078,4977.486012873726,3035,4081,1135.5139871262732,3961.486012873727,0.0,560233.3519406024,0.0,2.3738947714483496,0.1191774199085265,77.72191510444824,Watch/Volatile,0.7822142044637693,4
1175,Household_Trash Bags_1175,Household,Trash Bags,Budget,40.42,5685,2267,1124,119.82751763330529,19.971252938884216,18.47686177363975,22.9130679689838,284.65915570731426,5565.172482366695,3418,4561,1243.8275176333052,4441.172482366695,0.0,179512.1917372618,0.0,2.2315123883283468,0.11173622381916616,78.1208879923781,Markdown/Clear,0.5298639980907066,57
1176,Snacks_Chocolates_1176,Snacks,Chocolates,Premium,5.29,7865,3209,1593,120.68539505392843,20.11423250898807,18.478121330175664,23.19431131056153,391.016659297615,7744.314604946072,4656,6272,1713.6853950539285,6151.314604946072,0.0,32540.454260164723,0.0,2.284128007753292,0.11355780076284923,78.21124736104352,Markdown/Clear,0.43733394015073745,189
1177,Snacks_Chips_1177,Snacks,Chips,Budget,1.9,8823,3397,1688,119.78376576364927,19.963960960608212,18.230512561866064,23.00857998626996,441.94636612489165,8703.21623423635,5426,7135,1807.7837657636492,7015.216234236351,0.0,13328.910845049066,0.0,2.311143426398549,0.11576577568743847,79.51055462128926,Markdown/Clear,0.43220206180410725,195
1178,Beverages_Soft Drinks_1178,Beverages,Soft Drinks,Budget,15.88,10284,4159,2067,119.94810718406389,19.99135119734398,18.11481136487266,23.094629340926875,514.4224569155843,10164.051892815936,6125,8217,2186.9481071840637,8097.051892815936,0.0,128581.18405791707,0.0,2.3709616417236474,0.11859936921315502,78.73446025686441,Watch/Volatile,0.5067781762657967,84
1179,Household_Cleaning Supplies_1179,Household,Cleaning Supplies,BlueMart,19.9,5762,2286,1136,119.97224674285297,19.995374457142162,18.29215888670725,22.986017507031868,288.1666463586466,5642.027753257147,3476,4626,1255.972246742853,4506.027753257147,0.0,89669.95228981723,0.0,2.2938004090262774,0.1147165517676491,78.20249485000255,Markdown/Clear,0.4754377055086343,121
1180,Grocery_Spices_1180,Grocery,Spices,Premium,6.2,10454,4233,2108,119.03276040861552,19.838793401435918,18.166830739748605,22.98412483419288,526.9473696542123,10334.967239591384,6221,8346,2227.0327604086156,8226.967239591384,0.0,51007.19688546658,0.0,2.1066812895361986,0.10618999083803748,78.69683603971096,Markdown/Clear,0.44302529154692094,180
1181,Personal Care_Soap_1181,Personal Care,Soap,BlueMart,21.48,7524,2942,1459,119.34293265303975,19.890488775506626,18.06055754996571,22.822941002204463,378.2712473745311,7404.6570673469605,4582,6065,1578.3429326530397,5945.6570673469605,0.0,127712.71380661271,0.0,2.2660883916908388,0.11392824064139268,79.0225553873865,Markdown/Clear,0.5021958076769604,89
1182,Beverages_Tea_1182,Beverages,Tea,Premium,9.64,8983,3447,1715,120.93072007189267,20.15512001198211,18.342660572800213,23.35338512738141,445.6932032485867,8862.069279928108,5536,7268,1835.9307200718927,7147.069279928108,0.0,68897.74785850696,0.0,2.4217997105132536,0.12015803969777936,79.56216497749202,Watch/Volatile,0.4730538114777793,125
1183,Electronics_Batteries_1183,Electronics,Batteries,Premium,93.49,4443,1743,862,119.57317791897366,19.92886298649561,18.470396383572258,23.40058927113073,222.94297487070432,4323.426822081026,2700,3581,981.5731779189737,3461.4268220810263,0.0,323608.7935963551,0.0,2.210793842580217,0.11093426875774683,77.90742340943115,Markdown/Clear,0.6211912103409755,22
1184,Snacks_Chocolates_1184,Snacks,Chocolates,Local,15.44,9124,3525,1751,120.05901949019322,20.00983658169887,18.35111242357192,22.98614479130331,455.9757378700869,9003.940980509808,5599,7373,1871.0590194901931,7252.940980509807,0.0,111985.40873907141,0.0,2.268036231782182,0.1133460646978268,79.49299627915177,Markdown/Clear,0.49316849782245903,96
1185,Personal Care_Toothpaste_1185,Personal Care,Toothpaste,BlueMart,60.84,7186,2732,1354,118.8561507930907,19.809358465515118,18.499083112497782,22.087120900265298,362.75783552050217,7067.143849206909,4454,5832,1472.8561507930908,5713.143849206909,0.0,347587.6717857484,0.0,1.7353125527348718,0.08760064369352343,79.50381087123446,Markdown/Clear,0.6171648932820638,24
1186,Dairy_Yogurt_1186,Dairy,Yogurt,Premium,3.12,7209,2876,1427,119.78180230432982,19.9636337173883,18.13544332816215,22.950010387893464,361.1066052429608,7089.21819769567,4333,5782,1546.7818023043299,5662.21819769567,0.0,17666.12077681049,0.0,2.2725215025748344,0.11383305938915673,78.54373973776765,Markdown/Clear,0.4292773951535045,197
1187,Personal Care_Skincare_1187,Personal Care,Skincare,Local,50.71,7892,3141,1560,122.27540659704664,20.379234432841105,17.722643285847703,24.64747258792797,387.2569416681352,7769.724593402953,4751,6332,1682.2754065970466,6209.724593402953,0.0,314895.13413146377,0.0,3.3141270922702333,0.16262274734567667,78.6837885631393,Watch/Volatile,0.6748909614859511,16
1188,Grocery_Spices_1188,Grocery,Spices,Premium,12.53,12189,4812,2394,119.70445351071233,19.95074225178539,18.2147088442616,22.98741623776371,610.9547126703624,12069.295546489288,7377,9795,2513.7044535107125,9675.295546489288,0.0,121231.45319751077,0.0,2.319633364767261,0.11626802328919253,79.3772708711895,Markdown/Clear,0.5018928269390975,90
1189,Electronics_Batteries_1189,Electronics,Batteries,Premium,55.06,4564,1747,860,119.55608622732889,19.92601437122148,17.993762672066136,22.986017507031868,229.04731046423626,4444.443913772671,2817,3704,979.5560862273289,3584.4439137726713,0.0,197359.4818923233,0.0,2.3415026480031655,0.11750983434925776,78.5373337811716,Watch/Volatile,0.5492417831585616,44
1190,Dairy_Milk_1190,Dairy,Milk,International,12.63,7965,3179,1577,119.65162439904404,19.941937399840672,18.20423658961885,22.98741623776371,399.40953781469784,7845.348375600956,4786,6388,1696.651624399044,6268.3483756009555,0.0,79169.23998384007,0.0,2.3615547930458582,0.11842153275763097,78.6986613383673,Watch/Volatile,0.4745595399019174,123
1191,Dairy_Butter_1191,Dairy,Butter,Premium,7.59,7494,2935,1455,119.83574144791388,19.972623574652314,18.07740551500241,23.12486013070888,375.2136003559791,7374.164258552086,4559,6039,1574.835741447914,5919.164258552086,0.0,44926.45672241033,0.0,2.327372222503832,0.11652811729038692,78.98537841676122,Markdown/Clear,0.4514641418326941,163
1192,Dairy_Milk_1192,Dairy,Milk,Local,14.9,7027,2625,1302,119.76435758966403,19.960726264944004,18.459406017225856,22.91915476152377,352.0412988349606,6907.235642410336,4402,5725,1421.764357589664,5605.235642410336,0.0,83518.011071914,0.0,2.290378551018602,0.11474424931326652,79.76712170784597,Markdown/Clear,0.4773464818018156,119
1193,Beverages_Tea_1193,Beverages,Tea,Budget,8.38,9107,3688,1832,119.28017869284238,19.880029782140397,18.18575484516306,22.91586335795294,458.0979052748425,8987.719821307157,5419,7275,1951.2801786928424,7155.719821307158,0.0,59964.93210255399,0.0,2.058116426992213,0.10352682815602023,78.57384233344852,Markdown/Clear,0.4454398537222082,173
1194,Dairy_Butter_1194,Dairy,Butter,Budget,7.46,7913,3170,1572,119.96213899916354,19.993689833193923,18.222489670421048,23.054278983271807,395.77487027245365,7793.0378610008365,4743,6341,1691.9621389991635,6221.0378610008365,0.0,46408.94244306624,0.0,2.319101702380347,0.11599168146192446,78.61794339695231,Markdown/Clear,0.4504618108482886,165
1195,Snacks_Chocolates_1195,Snacks,Chocolates,Local,14.28,8752,3597,1789,120.06258509620129,20.01043084936688,18.274648736486107,22.986017507031868,437.37189198387046,8631.9374149038,5155,6963,1909.0625850962012,6842.9374149037985,0.0,97717.14628482625,0.0,2.3038471408136996,0.1151323106512018,78.18712768400135,Markdown/Clear,0.48102778113932354,115
1196,Grocery_Pasta_1196,Grocery,Pasta,Local,21.34,10403,4017,1997,119.88227106665607,19.980378511109347,18.50526371786781,22.950010387893464,520.6608070120293,10283.117728933345,6386,8406,2116.882271066656,8286.117728933345,0.0,176825.75233543757,0.0,2.273960483446898,0.11380967994087532,79.65123261495093,Markdown/Clear,0.5361143450597978,52
1197,Electronics_Mobile Accessories_1197,Electronics,Mobile Accessories,International,10.27,5033,1998,990,119.46692362203807,19.911153937006343,18.26058295598253,22.815589135371702,252.7728938223816,4913.533076377962,3035,4043,1109.4669236220382,3923.533076377962,0.0,40294.684694401665,0.0,2.2381019897508607,0.11240443405900166,77.95615093141193,Markdown/Clear,0.4401259559463978,183
1198,Dairy_Cheese_1198,Dairy,Cheese,Budget,18.14,7509,3001,1490,124.6691997289549,20.778199954825816,17.714191435075996,24.712409327967688,361.38837898977897,7384.3308002710455,4508,6019,1614.669199728955,5894.3308002710455,0.0,106923.16071691677,0.0,3.128826468924189,0.150582171493518,78.49688107965169,Watch/Volatile,0.5268231407568292,62
1199,Electronics_Cables_1199,Electronics,Cables,Premium,150.51,5228,2155,1065,119.38814613974905,19.89802435662484,18.18715720817561,22.812297731800875,262.73965225393806,5108.611853860251,3073,4163,1184.388146139749,4043.611853860251,0.0,608604.0201245063,0.0,2.259364007339685,0.11354715256378974,77.3452917723843,Markdown/Clear,0.8058791220255421,2
1200,Beverages_Juices_1200,Beverages,Juices,BlueMart,5.5,9043,3481,1731,120.04551265866888,20.00758544311148,18.46785786799756,22.881748911653524,451.9785771107859,8922.95448734133,5562,7312,1851.045512658669,7191.954487341331,0.0,39555.74968037732,0.0,2.2242909429601663,0.11117238255883492,79.53062575850194,Markdown/Clear,0.444190027953536,175
