week,sku_id,forecast_demand
2025-11-03,1001,18.725007566385642
2025-11-03,1002,18.04981975434136
2025-11-03,1003,17.816299979273516
2025-11-03,1004,18.304338533103294
2025-11-03,1005,18.841017897974623
2025-11-03,1006,18.01103518723259
2025-11-03,1007,18.30829935698067
2025-11-03,1008,17.915119874791014
2025-11-03,1009,17.986946181866198
2025-11-03,1010,18.03338957472732
2025-11-03,1011,18.742557108873797
2025-11-03,1012,18.251296165751395
2025-11-03,1013,18.21261698172137
2025-11-03,1014,18.735450502273604
2025-11-03,1015,18.04579338314837
2025-11-03,1016,18.941120427113255
2025-11-03,1017,18.290146806925616
2025-11-03,1018,18.545385986345455
2025-11-03,1019,17.816299979273516
2025-11-03,1020,18.17625741833154
2025-11-03,1021,17.93739954637418
2025-11-03,1022,18.276025655550374
2025-11-03,1023,17.820710651233956
2025-11-03,1024,17.977634340849505
2025-11-03,1025,18.100200645065065
2025-11-03,1026,18.384278357486007
2025-11-03,1027,18.04323520465845
2025-11-03,1028,18.408191665705225
2025-11-03,1029,19.037110455466394
2025-11-03,1030,18.78774853528097
2025-11-03,1031,18.692511737876476
2025-11-03,1032,18.635477674654233
2025-11-03,1033,18.41878066458097
2025-11-03,1034,18.443180274426812
2025-11-03,1035,18.780954950052685
2025-11-03,1036,17.8982404764382
2025-11-03,1037,18.111212432282784
2025-11-03,1038,17.938955156819482
2025-11-03,1039,18.378112980280775
2025-11-03,1040,18.248920990142214
2025-11-03,1041,17.953799058821037
2025-11-03,1042,17.953799058821037
2025-11-03,1043,17.986946181866198
2025-11-03,1044,18.253397736168104
2025-11-03,1045,17.816299979273516
2025-11-03,1046,17.931987936173513
2025-11-03,1047,17.8982404764382
2025-11-03,1048,18.00910507396008
2025-11-03,1049,17.804255277269135
2025-11-03,1050,17.88461716497857
2025-11-03,1051,17.968162242142913
2025-11-03,1052,19.223584197783627
2025-11-03,1053,17.8982404764382
2025-11-03,1054,18.339812570821532
2025-11-03,1055,17.884119325062958
2025-11-03,1056,18.371442594947712
2025-11-03,1057,18.04642820419626
2025-11-03,1058,17.997535180741945
2025-11-03,1059,18.253397736168104
2025-11-03,1060,18.003547127632764
2025-11-03,1061,18.860601967653405
2025-11-03,1062,18.086568825098873
2025-11-03,1063,18.00910507396008
2025-11-03,1064,18.267987914831735
2025-11-03,1065,17.8982404764382
2025-11-03,1066,17.87608158434432
2025-11-03,1067,17.914533773032588
2025-11-03,1068,17.816299979273516
2025-11-03,1069,18.55114420989835
2025-11-03,1070,18.036097513065606
2025-11-03,1071,18.309846180331604
2025-11-03,1072,17.85938983526398
2025-11-03,1073,18.26398673504385
2025-11-03,1074,18.36798506089162
2025-11-03,1075,17.914760768374343
2025-11-03,1076,18.086568825098873
2025-11-03,1077,18.611703573466517
2025-11-03,1078,18.292672631772948
2025-11-03,1079,17.975704227576994
2025-11-03,1080,17.797670727586226
2025-11-03,1081,18.087551712903544
2025-11-03,1082,18.251160738733542
2025-11-03,1083,18.56259463977308
2025-11-03,1084,18.04826414389606
2025-11-03,1085,18.04981975434136
2025-11-03,1086,17.972356003202567
2025-11-03,1087,18.377609151653484
2025-11-03,1088,17.975704227576994
2025-11-03,1089,17.8982404764382
2025-11-03,1090,19.26226338181365
2025-11-03,1091,17.853523460174905
2025-11-03,1092,17.820710651233956
2025-11-03,1093,18.064409933004992
2025-11-03,1094,18.24542979066232
2025-11-03,1095,17.92288408362211
2025-11-03,1096,17.975948998007052
2025-11-03,1097,18.692826393475247
2025-11-03,1098,18.185641294617508
2025-11-03,1099,17.87353032618721
2025-11-03,1100,18.395842204793553
2025-11-03,1101,18.086568825098873
2025-11-03,1102,18.28869764321169
2025-11-03,1103,18.841017897974623
2025-11-03,1104,18.87083693723219
2025-11-03,1105,18.009038999894628
2025-11-03,1106,17.85004743900883
2025-11-03,1107,17.829482606983728
2025-11-03,1108,17.909137904075706
2025-11-03,1109,17.87608158434432
2025-11-03,1110,18.086568825098873
2025-11-03,1111,17.975704227576994
2025-11-03,1112,18.65959880824176
2025-11-03,1113,17.820710651233956
2025-11-03,1114,18.15290029462189
2025-11-03,1115,18.31537413664021
2025-11-03,1116,17.804255277269135
2025-11-03,1117,18.79786196791871
2025-11-03,1118,18.184347254328493
2025-11-03,1119,18.406289742094433
2025-11-03,1120,18.114319348563953
2025-11-03,1121,17.8982404764382
2025-11-03,1122,17.8982404764382
2025-11-03,1123,18.025398370554466
2025-11-03,1124,18.04771818392465
2025-11-03,1125,18.604800572608614
2025-11-03,1126,18.75491973722125
2025-11-03,1127,18.03743729106099
2025-11-03,1128,18.04981975434136
2025-11-03,1129,18.720530820359752
2025-11-03,1130,17.804255277269135
2025-11-03,1131,18.21532049695321
2025-11-03,1132,17.87353032618721
2025-11-03,1133,18.290146806925616
2025-11-03,1134,18.574463637599457
2025-11-03,1135,18.36761055806441
2025-11-03,1136,18.087551712903544
2025-11-03,1137,17.87353032618721
2025-11-03,1138,18.545385986345455
2025-11-03,1139,17.972356003202567
2025-11-03,1140,18.874245674850208
2025-11-03,1141,18.61171515316482
2025-11-03,1142,17.886670583220067
2025-11-03,1143,18.50670680231543
2025-11-03,1144,18.072427865174014
2025-11-03,1145,18.326147392702424
2025-11-03,1146,18.76532157355199
2025-11-03,1147,18.290146806925616
2025-11-03,1148,18.06949835944869
2025-11-03,1149,18.361239777262128
2025-11-03,1150,17.90017058971071
2025-11-03,1151,18.36761055806441
2025-11-03,1152,17.816299979273516
2025-11-03,1153,17.794141087179636
2025-11-03,1154,17.861930603983414
2025-11-03,1155,17.908829475313947
2025-11-03,1156,18.290080732860165
2025-11-03,1157,18.725007566385642
2025-11-03,1158,18.54586587225141
2025-11-03,1159,18.086568825098873
2025-11-03,1160,18.00910507396008
2025-11-03,1161,18.82449760603848
2025-11-03,1162,17.8982404764382
2025-11-03,1163,18.144254172249198
2025-11-03,1164,18.733779522135414
2025-11-03,1165,18.125248009128896
2025-11-03,1166,18.292076920198127
2025-11-03,1167,18.569709301639648
2025-11-03,1168,18.307916067059093
2025-11-03,1169,17.8982404764382
2025-11-03,1170,18.947429517826627
2025-11-03,1171,18.30518156674746
2025-11-03,1172,18.31537413664021
2025-11-03,1173,18.950230801643496
2025-11-03,1174,18.277966677903382
2025-11-03,1175,18.794111809073957
2025-11-03,1176,18.879802465083394
2025-11-03,1177,18.04826414389606
2025-11-03,1178,17.8982404764382
2025-11-03,1179,18.054735698669976
2025-11-03,1180,17.938955156819482
2025-11-03,1181,17.964388057696784
2025-11-03,1182,18.48565541684402
2025-11-03,1183,18.267987914831735
2025-11-03,1184,18.307916067059093
2025-11-03,1185,18.500672522253645
2025-11-03,1186,18.174215058091175
2025-11-03,1187,17.8982404764382
2025-11-03,1188,17.93775357567114
2025-11-03,1189,17.820710651233956
2025-11-03,1190,17.975704227576994
2025-11-03,1191,17.90017058971071
2025-11-03,1192,18.290146806925616
2025-11-03,1193,17.972356003202567
2025-11-03,1194,18.349674608734663
2025-11-03,1195,18.127733880313055
2025-11-03,1196,18.290146806925616
2025-11-03,1197,18.1211934705717
2025-11-03,1198,18.43715856618984
2025-11-03,1199,17.9458178653352
2025-11-03,1200,18.326794289261585
2025-11-10,1001,18.332418985760125
2025-11-10,1002,18.290146806925616
2025-11-10,1003,18.31537413664021
2025-11-10,1004,18.339414989831386
2025-11-10,1005,18.863176790068504
2025-11-10,1006,18.290146806925616
2025-11-10,1007,18.21879530863668
2025-11-10,1008,18.290146806925616
2025-11-10,1009,18.300735805801363
2025-11-10,1010,18.339414989831386
2025-11-10,1011,18.290146806925616
2025-11-10,1012,18.300735805801363
2025-11-10,1013,18.300735805801363
2025-11-10,1014,18.22072542190919
2025-11-10,1015,18.290146806925616
2025-11-10,1016,18.285670060899726
2025-11-10,1017,18.253397736168104
2025-11-10,1018,18.750234896100235
2025-11-10,1019,18.290146806925616
2025-11-10,1020,18.302665919073874
2025-11-10,1021,18.36761055806441
2025-11-10,1022,18.208206309760932
2025-11-10,1023,18.383704288046495
2025-11-10,1024,18.243225462402293
2025-11-10,1025,18.206750606632298
2025-11-10,1026,18.26188516462714
2025-11-10,1027,18.278625065882697
2025-11-10,1028,18.47945804339096
2025-11-10,1029,18.26398673504385
2025-11-10,1030,18.208206309760932
2025-11-10,1031,18.32882599095564
2025-11-10,1032,18.863176790068504
2025-11-10,1033,18.290146806925616
2025-11-10,1034,18.290146806925616
2025-11-10,1035,18.32882599095564
2025-11-10,1036,18.290146806925616
2025-11-10,1037,18.44488673772357
2025-11-10,1038,18.265436656674627
2025-11-10,1039,18.32882599095564
2025-11-10,1040,18.290146806925616
2025-11-10,1041,18.32929501824403
2025-11-10,1042,18.32882599095564
2025-11-10,1043,18.423037414814598
2025-11-10,1044,18.31537413664021
2025-11-10,1045,18.43715856618984
2025-11-10,1046,18.339414989831386
2025-11-10,1047,18.355626379544205
2025-11-10,1048,18.290146806925616
2025-11-10,1049,18.31537413664021
2025-11-10,1050,18.399808275319998
2025-11-10,1051,18.300735805801363
2025-11-10,1052,18.290146806925616
2025-11-10,1053,18.290146806925616
2025-11-10,1054,18.6459720855361
2025-11-10,1055,18.329305876861596
2025-11-10,1056,18.21879530863668
2025-11-10,1057,18.290146806925616
2025-11-10,1058,18.755601776615674
2025-11-10,1059,18.290146806925616
2025-11-10,1060,18.399549967574906
2025-11-10,1061,18.31537413664021
2025-11-10,1062,18.36761055806441
2025-11-10,1063,18.290146806925616
2025-11-10,1064,18.208206309760932
2025-11-10,1065,18.246813186485195
2025-11-10,1066,18.290146806925616
2025-11-10,1067,18.350540092414228
2025-11-10,1068,18.19616160775655
2025-11-10,1069,18.518137227420983
2025-11-10,1070,18.36761055806441
2025-11-10,1071,18.32882599095564
2025-11-10,1072,18.32882599095564
2025-11-10,1073,18.299855553837094
2025-11-10,1074,18.278625065882697
2025-11-10,1075,18.30625891387836
2025-11-10,1076,18.21261698172137
2025-11-10,1077,18.470792579044925
2025-11-10,1078,18.403401270124483
2025-11-10,1079,18.290146806925616
2025-11-10,1080,18.290146806925616
2025-11-10,1081,18.300735805801363
2025-11-10,1082,18.448914834728253
2025-11-10,1083,18.339414989831386
2025-11-10,1084,18.290146806925616
2025-11-10,1085,18.21879530863668
2025-11-10,1086,18.408931617761088
2025-11-10,1087,18.257474492666702
2025-11-10,1088,18.278576913707482
2025-11-10,1089,18.290146806925616
2025-11-10,1090,18.32743081131118
2025-11-10,1091,18.339414989831386
2025-11-10,1092,18.43715856618984
2025-11-10,1093,18.36761055806441
2025-11-10,1094,18.302665919073874
2025-11-10,1095,18.265436656674627
2025-11-10,1096,18.208206309760932
2025-11-10,1097,18.208206309760932
2025-11-10,1098,18.234840791786574
2025-11-10,1099,18.300735805801363
2025-11-10,1100,18.26398673504385
2025-11-10,1101,18.26398673504385
2025-11-10,1102,18.339414989831386
2025-11-10,1103,18.208206309760932
2025-11-10,1104,18.21879530863668
2025-11-10,1105,18.65563487191716
2025-11-10,1106,18.317256097737506
2025-11-10,1107,18.290146806925616
2025-11-10,1108,18.321030282183635
2025-11-10,1109,18.290146806925616
2025-11-10,1110,18.290146806925616
2025-11-10,1111,18.290146806925616
2025-11-10,1112,18.339414989831386
2025-11-10,1113,18.290146806925616
2025-11-10,1114,18.342069142150027
2025-11-10,1115,18.47945804339096
2025-11-10,1116,18.208206309760932
2025-11-10,1117,18.290146806925616
2025-11-10,1118,18.290146806925616
2025-11-10,1119,18.292076920198127
2025-11-10,1120,18.290146806925616
2025-11-10,1121,18.34290040781342
2025-11-10,1122,18.290146806925616
2025-11-10,1123,18.32882599095564
2025-11-10,1124,18.354053320670232
2025-11-10,1125,18.246885493790955
2025-11-10,1126,18.32882599095564
2025-11-10,1127,18.47631763612582
2025-11-10,1128,18.300735805801363
2025-11-10,1129,18.826427719310992
2025-11-10,1130,18.290146806925616
2025-11-10,1131,18.36761055806441
2025-11-10,1132,18.267987914831735
2025-11-10,1133,18.174350485109027
2025-11-10,1134,18.410705726551104
2025-11-10,1135,18.265436656674627
2025-11-10,1136,18.239845427499006
2025-11-10,1137,18.26398673504385
2025-11-10,1138,18.329305876861596
2025-11-10,1139,18.383704288046495
2025-11-10,1140,18.253397736168104
2025-11-10,1141,18.410705726551104
2025-11-10,1142,18.175461688196258
2025-11-10,1143,18.717846958622808
2025-11-10,1144,18.316841812435435
2025-11-10,1145,18.290146806925616
2025-11-10,1146,18.626611695256138
2025-11-10,1147,18.296561255296922
2025-11-10,1148,18.21662143091421
2025-11-10,1149,18.290146806925616
2025-11-10,1150,18.267935612653282
2025-11-10,1151,18.290146806925616
2025-11-10,1152,18.246813186485195
2025-11-10,1153,18.290146806925616
2025-11-10,1154,18.208206309760932
2025-11-10,1155,18.47945804339096
2025-11-10,1156,18.265436656674627
2025-11-10,1157,18.888404119783097
2025-11-10,1158,18.265436656674627
2025-11-10,1159,18.21879530863668
2025-11-10,1160,18.21879530863668
2025-11-10,1161,18.865212286419762
2025-11-10,1162,18.276025655550374
2025-11-10,1163,18.251296165751395
2025-11-10,1164,18.246885493790955
2025-11-10,1165,18.32882599095564
2025-11-10,1166,18.378574059767367
2025-11-10,1167,18.339414989831386
2025-11-10,1168,18.300735805801363
2025-11-10,1169,18.253397736168104
2025-11-10,1170,18.285492370515218
2025-11-10,1171,18.36798506089162
2025-11-10,1172,18.383704288046495
2025-11-10,1173,18.439881446297807
2025-11-10,1174,18.19168486173066
2025-11-10,1175,18.32882599095564
2025-11-10,1176,18.276025655550374
2025-11-10,1177,18.343189174277516
2025-11-10,1178,18.31537413664021
2025-11-10,1179,18.16487268932051
2025-11-10,1180,18.253397736168104
2025-11-10,1181,18.406289742094433
2025-11-10,1182,18.290146806925616
2025-11-10,1183,18.208206309760932
2025-11-10,1184,18.34290040781342
2025-11-10,1185,18.69982239754651
2025-11-10,1186,18.406289742094433
2025-11-10,1187,18.208206309760932
2025-11-10,1188,18.253397736168104
2025-11-10,1189,18.290146806925616
2025-11-10,1190,18.21261698172137
2025-11-10,1191,18.290455235687375
2025-11-10,1192,18.300735805801363
2025-11-10,1193,18.677793764011042
2025-11-10,1194,18.208206309760932
2025-11-10,1195,18.285670060899726
2025-11-10,1196,18.290146806925616
2025-11-10,1197,18.32882599095564
2025-11-10,1198,18.447747565065587
2025-11-10,1199,18.22692567236619
2025-11-10,1200,18.26571023947496
2025-11-17,1001,18.21261698172137
2025-11-17,1002,18.290146806925616
2025-11-17,1003,18.290146806925616
2025-11-17,1004,18.36798506089162
2025-11-17,1005,18.583220593140823
2025-11-17,1006,18.300735805801363
2025-11-17,1007,18.290146806925616
2025-11-17,1008,18.447747565065587
2025-11-17,1009,18.300735805801363
2025-11-17,1010,18.351463612861348
2025-11-17,1011,18.290146806925616
2025-11-17,1012,18.290146806925616
2025-11-17,1013,18.343189174277516
2025-11-17,1014,18.312304542925368
2025-11-17,1015,18.273625358895345
2025-11-17,1016,18.239845427499006
2025-11-17,1017,18.267987914831735
2025-11-17,1018,18.267935612653282
2025-11-17,1019,18.40676962800039
2025-11-17,1020,18.399808275319998
2025-11-17,1021,18.300735805801363
2025-11-17,1022,18.440227003810552
2025-11-17,1023,18.346955217288983
2025-11-17,1024,18.278576913707482
2025-11-17,1025,18.300735805801363
2025-11-17,1026,18.317256097737506
2025-11-17,1027,18.290146806925616
2025-11-17,1028,18.19616160775655
2025-11-17,1029,18.438334534683676
2025-11-17,1030,18.290146806925616
2025-11-17,1031,18.25218873907503
2025-11-17,1032,18.21302966913905
2025-11-17,1033,18.19616160775655
2025-11-17,1034,18.21261698172137
2025-11-17,1035,18.19616160775655
2025-11-17,1036,18.300735805801363
2025-11-17,1037,18.19616160775655
2025-11-17,1038,18.300735805801363
2025-11-17,1039,18.223618668014797
2025-11-17,1040,18.290146806925616
2025-11-17,1041,18.32882599095564
2025-11-17,1042,18.290146806925616
2025-11-17,1043,18.359628740985595
2025-11-17,1044,18.31537413664021
2025-11-17,1045,18.400409495432328
2025-11-17,1046,18.32882599095564
2025-11-17,1047,18.31537413664021
2025-11-17,1048,18.35453320657619
2025-11-17,1049,18.514622317328634
2025-11-17,1050,18.32875991689019
2025-11-17,1051,18.31537413664021
2025-11-17,1052,18.19616160775655
2025-11-17,1053,18.339894875737343
2025-11-17,1054,18.331431991099066
2025-11-17,1055,18.17145723900342
2025-11-17,1056,18.228256242103665
2025-11-17,1057,18.321030282183635
2025-11-17,1058,18.43715856618984
2025-11-17,1059,18.290146806925616
2025-11-17,1060,18.292076920198127
2025-11-17,1061,18.19616160775655
2025-11-17,1062,18.26398673504385
2025-11-17,1063,18.278576913707482
2025-11-17,1064,18.253397736168104
2025-11-17,1065,18.292556806104084
2025-11-17,1066,18.300735805801363
2025-11-17,1067,18.278625065882697
2025-11-17,1068,18.253397736168104
2025-11-17,1069,18.36761055806441
2025-11-17,1070,18.43715856618984
2025-11-17,1071,18.4770137187137
2025-11-17,1072,18.290146806925616
2025-11-17,1073,18.32882599095564
2025-11-17,1074,18.290146806925616
2025-11-17,1075,18.290080732860165
2025-11-17,1076,18.25740218536094
2025-11-17,1077,18.27019468289963
2025-11-17,1078,18.21302966913905
2025-11-17,1079,18.410998494308075
2025-11-17,1080,18.253397736168104
2025-11-17,1081,18.253397736168104
2025-11-17,1082,18.290146806925616
2025-11-17,1083,18.234840791786574
2025-11-17,1084,18.278625065882697
2025-11-17,1085,18.290146806925616
2025-11-17,1086,18.447747565065587
2025-11-17,1087,18.339414989831386
2025-11-17,1088,18.43715856618984
2025-11-17,1089,18.290146806925616
2025-11-17,1090,18.131089171974367
2025-11-17,1091,18.267987914831735
2025-11-17,1092,18.43715856618984
2025-11-17,1093,18.293215244546328
2025-11-17,1094,18.36798506089162
2025-11-17,1095,18.261242895614973
2025-11-17,1096,18.278576913707482
2025-11-17,1097,18.273625358895345
2025-11-17,1098,18.21261698172137
2025-11-17,1099,18.300735805801363
2025-11-17,1100,18.300735805801363
2025-11-17,1101,18.253397736168104
2025-11-17,1102,18.445448812030413
2025-11-17,1103,18.34290040781342
2025-11-17,1104,18.273625358895345
2025-11-17,1105,18.30666709886176
2025-11-17,1106,18.339414989831386
2025-11-17,1107,18.26398673504385
2025-11-17,1108,18.290146806925616
2025-11-17,1109,18.290146806925616
2025-11-17,1110,18.253397736168104
2025-11-17,1111,18.290146806925616
2025-11-17,1112,18.179944667462458
2025-11-17,1113,18.290146806925616
2025-11-17,1114,18.399808275319998
2025-11-17,1115,18.290080732860165
2025-11-17,1116,18.350540092414228
2025-11-17,1117,18.36761055806441
2025-11-17,1118,18.300735805801363
2025-11-17,1119,18.32882599095564
2025-11-17,1120,18.312304542925368
2025-11-17,1121,18.43715856618984
2025-11-17,1122,18.447747565065587
2025-11-17,1123,18.32882599095564
2025-11-17,1124,18.32882599095564
2025-11-17,1125,18.339414989831386
2025-11-17,1126,18.2845888605983
2025-11-17,1127,18.462385895904433
2025-11-17,1128,18.400409495432328
2025-11-17,1129,18.251296165751395
2025-11-17,1130,18.290146806925616
2025-11-17,1131,18.300308087753177
2025-11-17,1132,18.290146806925616
2025-11-17,1133,18.302665919073874
2025-11-17,1134,18.36798506089162
2025-11-17,1135,18.26398673504385
2025-11-17,1136,18.43715856618984
2025-11-17,1137,18.290146806925616
2025-11-17,1138,18.321030282183635
2025-11-17,1139,18.43715856618984
2025-11-17,1140,18.290146806925616
2025-11-17,1141,18.251296165751395
2025-11-17,1142,18.300735805801363
2025-11-17,1143,18.36954067133692
2025-11-17,1144,18.24542979066232
2025-11-17,1145,18.174350485109027
2025-11-17,1146,18.292076920198127
2025-11-17,1147,18.208206309760932
2025-11-17,1148,18.267987914831735
2025-11-17,1149,18.26398673504385
2025-11-17,1150,18.307146984767716
2025-11-17,1151,18.253397736168104
2025-11-17,1152,18.425588672971706
2025-11-17,1153,18.21879530863668
2025-11-17,1154,18.317735983643463
2025-11-17,1155,18.290146806925616
2025-11-17,1156,18.26398673504385
2025-11-17,1157,18.179944667462458
2025-11-17,1158,18.677793764011042
2025-11-17,1159,18.36761055806441
2025-11-17,1160,18.300735805801363
2025-11-17,1161,18.37107658076225
2025-11-17,1162,18.5081408505542
2025-11-17,1163,18.263198678828367
2025-11-17,1164,18.399808275319998
2025-11-17,1165,18.341824989009854
2025-11-17,1166,18.331235990134108
2025-11-17,1167,18.234840791786574
2025-11-17,1168,18.19616160775655
2025-11-17,1169,18.300735805801363
2025-11-17,1170,18.345119287550027
2025-11-17,1171,18.378574059767367
2025-11-17,1172,18.43715856618984
2025-11-17,1173,18.234840791786574
2025-11-17,1174,18.290146806925616
2025-11-17,1175,18.32882599095564
2025-11-17,1176,18.36761055806441
2025-11-17,1177,18.253397736168104
2025-11-17,1178,18.26398673504385
2025-11-17,1179,18.290146806925616
2025-11-17,1180,18.42563682514692
2025-11-17,1181,18.32882599095564
2025-11-17,1182,18.206750606632298
2025-11-17,1183,18.300735805801363
2025-11-17,1184,18.19616160775655
2025-11-17,1185,18.383704288046495
2025-11-17,1186,18.406289742094433
2025-11-17,1187,18.514622317328634
2025-11-17,1188,18.253397736168104
2025-11-17,1189,18.290146806925616
2025-11-17,1190,18.34545166597053
2025-11-17,1191,18.42800384355302
2025-11-17,1192,18.26398673504385
2025-11-17,1193,18.400409495432328
2025-11-17,1194,18.290146806925616
2025-11-17,1195,18.28971908887743
2025-11-17,1196,18.290146806925616
2025-11-17,1197,18.36798506089162
2025-11-17,1198,17.54507050279433
2025-11-17,1199,18.276673741177916
2025-11-17,1200,18.151497417578653
2025-11-24,1001,18.31851384502672
2025-11-24,1002,18.398524228918895
2025-11-24,1003,18.468072237044325
2025-11-24,1004,18.42843121708076
2025-11-24,1005,18.398524228918895
2025-11-24,1006,18.588209968211448
2025-11-24,1007,18.510371714245444
2025-11-24,1008,18.493299566758918
2025-11-24,1009,18.332677461736296
2025-11-24,1010,18.639503688205934
2025-11-24,1011,18.641913687384402
2025-11-24,1012,18.602754617448422
2025-11-24,1013,18.431323166286813
2025-11-24,1014,18.549050898275468
2025-11-24,1015,18.639503688205934
2025-11-24,1016,18.575455079965284
2025-11-24,1017,18.28431140702259
2025-11-24,1018,18.373814078667905
2025-11-24,1019,18.3210604777801
2025-11-24,1020,18.37631303464656
2025-11-24,1021,18.54553598818312
2025-11-24,1022,17.528646104015557
2025-11-24,1023,18.657383473509668
2025-11-24,1024,18.65088333475282
2025-11-24,1025,18.3210604777801
2025-11-24,1026,18.42708344136156
2025-11-24,1027,18.54553598818312
2025-11-24,1028,18.664483897961603
2025-11-24,1029,18.467110401110784
2025-11-24,1030,18.249708979491164
2025-11-24,1031,18.549050898275468
2025-11-24,1032,18.549050898275468
2025-11-24,1033,18.31658373175421
2025-11-24,1034,18.355190608478473
2025-11-24,1035,18.437203412948918
2025-11-24,1036,18.78651544747016
2025-11-24,1037,18.442400250859794
2025-11-24,1038,18.468072237044325
2025-11-24,1039,18.549050898275468
2025-11-24,1040,18.508786917425606
2025-11-24,1041,18.359739661810124
2025-11-24,1042,18.614793537954945
2025-11-24,1043,18.54553598818312
2025-11-24,1044,18.508786917425606
2025-11-24,1045,18.54553598818312
2025-11-24,1046,18.36333265661461
2025-11-24,1047,18.603929195366323
2025-11-24,1048,18.468072237044325
2025-11-24,1049,18.657383473509668
2025-11-24,1050,18.398898731746105
2025-11-24,1051,18.249708979491164
2025-11-24,1052,18.602754617448422
2025-11-24,1053,18.530263653558112
2025-11-24,1054,18.32140709113233
2025-11-24,1055,18.443362086793336
2025-11-24,1056,18.568942837588136
2025-11-24,1057,18.492081710039773
2025-11-24,1058,17.754706411238413
2025-11-24,1059,18.480033365837006
2025-11-24,1060,18.65088333475282
2025-11-24,1061,18.639503688205934
2025-11-24,1062,18.3210604777801
2025-11-24,1063,18.346287807494694
2025-11-24,1064,18.468072237044325
2025-11-24,1065,18.302954187054272
2025-11-24,1066,18.78651544747016
2025-11-24,1067,18.398524228918895
2025-11-24,1068,18.374102845132
2025-11-24,1069,18.398524228918895
2025-11-24,1070,18.54553598818312
2025-11-24,1071,18.398898731746105
2025-11-24,1072,18.614793537954945
2025-11-24,1073,18.507231306980305
2025-11-24,1074,18.398524228918895
2025-11-24,1075,18.3210604777801
2025-11-24,1076,18.657383473509668
2025-11-24,1077,18.487427273629375
2025-11-24,1078,18.331649476655848
2025-11-24,1079,18.657383473509668
2025-11-24,1080,18.468072237044325
2025-11-24,1081,18.521114604396224
2025-11-24,1082,18.3210604777801
2025-11-24,1083,18.31658373175421
2025-11-24,1084,18.378524834829292
2025-11-24,1085,18.453951085669082
2025-11-24,1086,18.47866123592007
2025-11-24,1087,18.717341942171938
2025-11-24,1088,18.657383473509668
2025-11-24,1089,18.468072237044325
2025-11-24,1090,18.439613412127386
2025-11-24,1091,18.437203412948918
2025-11-24,1092,18.790108442274644
2025-11-24,1093,18.398524228918895
2025-11-24,1094,18.398524228918895
2025-11-24,1095,18.54553598818312
2025-11-24,1096,18.639503688205934
2025-11-24,1097,18.657383473509668
2025-11-24,1098,18.398524228918895
2025-11-24,1099,18.468072237044325
2025-11-24,1100,18.639503688205934
2025-11-24,1101,18.239119980615417
2025-11-24,1102,18.331649476655848
2025-11-24,1103,18.398524228918895
2025-11-24,1104,18.54553598818312
2025-11-24,1105,18.437203412948918
2025-11-24,1106,18.549050898275468
2025-11-24,1107,18.331649476655848
2025-11-24,1108,18.346287807494694
2025-11-24,1109,18.82567451740614
2025-11-24,1110,18.54553598818312
2025-11-24,1111,18.373814078667905
2025-11-24,1112,18.510371714245444
2025-11-24,1113,18.331649476655848
2025-11-24,1114,18.28220983660588
2025-11-24,1115,18.2798346609967
2025-11-24,1116,18.31658373175421
2025-11-24,1117,18.300995009625048
2025-11-24,1118,18.55756319104125
2025-11-24,1119,18.439613412127386
2025-11-24,1120,18.298849283507767
2025-11-24,1121,18.78651544747016
2025-11-24,1122,18.468072237044325
2025-11-24,1123,18.837054163953024
2025-11-24,1124,18.36333265661461
2025-11-24,1125,18.470002350316836
2025-11-24,1126,18.653293333931288
2025-11-24,1127,18.468072237044325
2025-11-24,1128,18.78651544747016
2025-11-24,1129,18.551460897453936
2025-11-24,1130,18.78651544747016
2025-11-24,1131,18.528465522532937
2025-11-24,1132,18.37128433846056
2025-11-24,1133,18.506339510282903
2025-11-24,1134,18.177229415793466
2025-11-24,1135,18.294900405898336
2025-11-24,1136,17.682017995847843
2025-11-24,1137,18.677275412822336
2025-11-24,1138,18.29187358150322
2025-11-24,1139,17.56539517477307
2025-11-24,1140,18.549050898275468
2025-11-24,1141,18.343218213779853
2025-11-24,1142,18.355190608478473
2025-11-24,1143,18.33084153199734
2025-11-24,1144,18.27779916464544
2025-11-24,1145,18.55756319104125
2025-11-24,1146,18.28220983660588
2025-11-24,1147,18.398524228918895
2025-11-24,1148,18.398524228918895
2025-11-24,1149,18.249708979491164
2025-11-24,1150,18.75921590998702
2025-11-24,1151,18.28431140702259
2025-11-24,1152,18.78651544747016
2025-11-24,1153,18.78651544747016
2025-11-24,1154,18.398524228918895
2025-11-24,1155,18.38613173987964
2025-11-24,1156,18.488212822151564
2025-11-24,1157,18.359739661810124
2025-11-24,1158,18.55756319104125
2025-11-24,1159,18.468072237044325
2025-11-24,1160,18.54553598818312
2025-11-24,1161,18.22900000902806
2025-11-24,1162,18.47866123592007
2025-11-24,1163,18.549050898275468
2025-11-24,1164,18.34177576407178
2025-11-24,1165,18.398524228918895
2025-11-24,1166,18.4399569205778
2025-11-24,1167,18.359673587744673
2025-11-24,1168,18.510371714245444
2025-11-24,1169,18.468072237044325
2025-11-24,1170,18.595003115424998
2025-11-24,1171,18.33735377437449
2025-11-24,1172,20.308815081238013
2025-11-24,1173,18.4763624828849
2025-11-24,1174,18.384966991524717
2025-11-24,1175,18.359673587744673
2025-11-24,1176,18.512301827517955
2025-11-24,1177,18.54553598818312
2025-11-24,1178,18.612204150722796
2025-11-24,1179,18.639503688205934
2025-11-24,1180,18.657383473509668
2025-11-24,1181,18.437203412948918
2025-11-24,1182,18.378524834829292
2025-11-24,1183,18.508786917425606
2025-11-24,1184,18.54553598818312
2025-11-24,1185,18.37408703787526
2025-11-24,1186,18.510371714245444
2025-11-24,1187,17.56539517477307
2025-11-24,1188,18.492081710039773
2025-11-24,1189,18.510371714245444
2025-11-24,1190,18.424738616603904
2025-11-24,1191,18.639503688205934
2025-11-24,1192,18.28431140702259
2025-11-24,1193,18.468072237044325
2025-11-24,1194,18.612204150722796
2025-11-24,1195,18.78419611974269
2025-11-24,1196,18.361775158161382
2025-11-24,1197,18.398524228918895
2025-11-24,1198,20.386344906442257
2025-11-24,1199,18.296623910329444
2025-11-24,1200,18.553631025533118
2025-12-01,1001,22.597005135483325
2025-12-01,1002,22.813069065839397
2025-12-01,1003,21.90488929182237
2025-12-01,1004,22.86795963958224
2025-12-01,1005,22.64782862309862
2025-12-01,1006,22.855233667851454
2025-12-01,1007,22.71745282785077
2025-12-01,1008,21.881067425724552
2025-12-01,1009,20.710686928120595
2025-12-01,1010,22.80248006696365
2025-12-01,1011,22.635789702592096
2025-12-01,1012,22.807566354093627
2025-12-01,1013,21.839409719203783
2025-12-01,1014,22.60904405598985
2025-12-01,1015,22.80248006696365
2025-12-01,1016,22.790495888443445
2025-12-01,1017,23.116859643576756
2025-12-01,1018,22.768029304686724
2025-12-01,1019,22.752675780350785
2025-12-01,1020,22.877943739797036
2025-12-01,1021,21.94654699834314
2025-12-01,1022,25.79455562733322
2025-12-01,1023,21.881067425724552
2025-12-01,1024,23.048120955104878
2025-12-01,1025,22.71121795737963
2025-12-01,1026,22.95219741666667
2025-12-01,1027,22.05842654267802
2025-12-01,1028,23.220909954150677
2025-12-01,1029,22.78631637194867
2025-12-01,1030,23.177252929065368
2025-12-01,1031,22.667987419847684
2025-12-01,1032,22.82547544188465
2025-12-01,1033,22.020870068648865
2025-12-01,1034,22.604783769122292
2025-12-01,1035,23.134892311168517
2025-12-01,1036,22.028720955669126
2025-12-01,1037,23.188632575612253
2025-12-01,1038,20.709291748476137
2025-12-01,1039,22.637347201045323
2025-12-01,1040,21.881067425724552
2025-12-01,1041,22.787979253480643
2025-12-01,1042,22.811159348898112
2025-12-01,1043,22.004010805418137
2025-12-01,1044,22.86795963958224
2025-12-01,1045,21.958531176863346
2025-12-01,1046,22.981707416765374
2025-12-01,1047,22.77621691217341
2025-12-01,1048,22.77621691217341
2025-12-01,1049,21.94404836175835
2025-12-01,1050,22.570364871959825
2025-12-01,1051,22.858709602549812
2025-12-01,1052,22.987727669616266
2025-12-01,1053,23.106682103135096
2025-12-01,1054,22.784358960309547
2025-12-01,1055,24.590169672067194
2025-12-01,1056,22.805993295219654
2025-12-01,1057,21.869083247204347
2025-12-01,1058,21.79607609876336
2025-12-01,1059,22.807566354093627
2025-12-01,1060,22.674812395072532
2025-12-01,1061,22.705337710717526
2025-12-01,1062,22.807566354093627
2025-12-01,1063,21.892452086555682
2025-12-01,1064,22.80248006696365
2025-12-01,1065,23.048120955104878
2025-12-01,1066,21.881067425724552
2025-12-01,1067,22.730102602954833
2025-12-01,1068,22.81955053261383
2025-12-01,1069,22.840715910352042
2025-12-01,1070,21.916873470342576
2025-12-01,1071,22.551741401770393
2025-12-01,1072,22.991791303428993
2025-12-01,1073,22.794840382362842
2025-12-01,1074,22.595075022210814
2025-12-01,1075,22.595075022210814
2025-12-01,1076,21.880467908035477
2025-12-01,1077,23.134892311168517
2025-12-01,1078,22.595075022210814
2025-12-01,1079,24.702017157393744
2025-12-01,1080,22.742086781475038
2025-12-01,1081,22.879943818102443
2025-12-01,1082,22.840715910352042
2025-12-01,1083,22.95504223267148
2025-12-01,1084,22.879943818102443
2025-12-01,1085,23.06052999190087
2025-12-01,1086,24.831149131354234
2025-12-01,1087,22.99135648660265
2025-12-01,1088,21.864637048918375
2025-12-01,1089,22.802997246427253
2025-12-01,1090,22.67446888662212
2025-12-01,1091,22.93139801794038
2025-12-01,1092,21.94654699834314
2025-12-01,1093,22.794840382362842
2025-12-01,1094,22.940268265776634
2025-12-01,1095,22.71737663122405
2025-12-01,1096,22.93139801794038
2025-12-01,1097,22.758380078069425
2025-12-01,1098,22.816449100742684
2025-12-01,1099,21.958531176863346
2025-12-01,1100,22.742086781475038
2025-12-01,1101,22.730102602954833
2025-12-01,1102,22.784386258676157
2025-12-01,1103,22.623407239311724
2025-12-01,1104,22.765730996206138
2025-12-01,1105,22.78076596550506
2025-12-01,1106,22.82686404278631
2025-12-01,1107,22.78124585141102
2025-12-01,1108,22.913518232636648
2025-12-01,1109,23.093623739906345
2025-12-01,1110,21.839409719203783
2025-12-01,1111,21.839409719203783
2025-12-01,1112,22.635789702592096
2025-12-01,1113,22.752675780350785
2025-12-01,1114,22.633754206240837
2025-12-01,1115,22.879943818102443
2025-12-01,1116,22.945846937625372
2025-12-01,1117,23.02378092114336
2025-12-01,1118,28.355953470895475
2025-12-01,1119,22.879943818102443
2025-12-01,1120,22.790495888443445
2025-12-01,1121,28.536114786418114
2025-12-01,1122,21.814699568952793
2025-12-01,1123,22.742086781475038
2025-12-01,1124,22.672538773349608
2025-12-01,1125,23.162012460597975
2025-12-01,1126,23.002941632318006
2025-12-01,1127,21.785434582807106
2025-12-01,1128,24.471048214407627
2025-12-01,1129,22.699233778859426
2025-12-01,1130,22.879943818102443
2025-12-01,1131,22.879943818102443
2025-12-01,1132,23.035819841649882
2025-12-01,1133,23.030470487459016
2025-12-01,1134,22.73486217211073
2025-12-01,1135,23.035819841649882
2025-12-01,1136,24.57818549354699
2025-12-01,1137,21.864637048918375
2025-12-01,1138,22.818773363558037
2025-12-01,1139,20.669029221599825
2025-12-01,1140,23.08417420663197
2025-12-01,1141,22.674812395072532
2025-12-01,1142,22.742086781475038
2025-12-01,1143,22.741386104219497
2025-12-01,1144,22.880318320929653
2025-12-01,1145,23.06052999190087
2025-12-01,1146,22.73486217211073
2025-12-01,1147,22.93139801794038
2025-12-01,1148,22.987727669616266
2025-12-01,1149,22.77776991671266
2025-12-01,1150,22.879943818102443
2025-12-01,1151,21.827425540683578
2025-12-01,1152,22.906687867689392
2025-12-01,1153,20.65704504307962
2025-12-01,1154,22.93139801794038
2025-12-01,1155,24.459064035887423
2025-12-01,1156,23.116859643576756
2025-12-01,1157,22.60904405598985
2025-12-01,1158,22.729347183712974
2025-12-01,1159,24.446338064156638
2025-12-01,1160,21.839409719203783
2025-12-01,1161,23.02378092114336
2025-12-01,1162,21.827425540683578
2025-12-01,1163,22.71121795737963
2025-12-01,1164,22.793271145886262
2025-12-01,1165,22.938337025285648
2025-12-01,1166,22.648117389562714
2025-12-01,1167,22.881873931374955
2025-12-01,1168,22.93139801794038
2025-12-01,1169,22.987727669616266
2025-12-01,1170,22.661391535133898
2025-12-01,1171,22.84477954416477
2025-12-01,1172,20.669029221599825
2025-12-01,1173,22.67446888662212
2025-12-01,1174,22.858229716643855
2025-12-01,1175,22.721322383145225
2025-12-01,1176,23.009005827030037
2025-12-01,1177,22.81955053261383
2025-12-01,1178,22.906687867689392
2025-12-01,1179,22.752675780350785
2025-12-01,1180,21.869083247204347
2025-12-01,1181,22.687276459498694
2025-12-01,1182,23.06052999190087
2025-12-01,1183,21.879672246080094
2025-12-01,1184,22.742086781475038
2025-12-01,1185,22.09242665691144
2025-12-01,1186,22.634234092146794
2025-12-01,1187,24.536527787026216
2025-12-01,1188,22.80248006696365
2025-12-01,1189,22.81955053261383
2025-12-01,1190,22.77776991671266
2025-12-01,1191,22.878630541944
2025-12-01,1192,22.71737663122405
2025-12-01,1193,21.856357275473563
2025-12-01,1194,22.8264895399591
2025-12-01,1195,22.81955053261383
2025-12-01,1196,22.795129148826938
2025-12-01,1197,22.620302351925407
2025-12-01,1198,24.53793325064299
2025-12-01,1199,22.50376370249711
2025-12-01,1200,22.689454645791358
2025-12-08,1001,22.71121795737963
2025-12-08,1002,22.742086781475038
2025-12-08,1003,22.742086781475038
2025-12-08,1004,22.666057306575173
2025-12-08,1005,22.593679842566356
2025-12-08,1006,22.595075022210814
2025-12-08,1007,22.742086781475038
2025-12-08,1008,22.71737663122405
2025-12-08,1009,21.881067425724552
2025-12-08,1010,22.713859833046286
2025-12-08,1011,22.742086781475038
2025-12-08,1012,22.688632503331693
2025-12-08,1013,21.856357275473563
2025-12-08,1014,22.66943734147846
2025-12-08,1015,22.77776991671266
2025-12-08,1016,22.709342159910364
2025-12-08,1017,22.858229716643855
2025-12-08,1018,22.60904405598985
2025-12-08,1019,22.80248006696365
2025-12-08,1020,22.80248006696365
2025-12-08,1021,22.896826712272993
2025-12-08,1022,17.94585563005521
2025-12-08,1023,21.958531176863346
2025-12-08,1024,22.595075022210814
2025-12-08,1025,22.682622023088296
2025-12-08,1026,22.82306544270618
2025-12-08,1027,22.813069065839397
2025-12-08,1028,22.841159250993673
2025-12-08,1029,22.633754206240837
2025-12-08,1030,22.795129148826938
2025-12-08,1031,22.69414749172945
2025-12-08,1032,22.60904405598985
2025-12-08,1033,22.82703809961843
2025-12-08,1034,22.742086781475038
2025-12-08,1035,22.787704972850328
2025-12-08,1036,21.916873470342576
2025-12-08,1037,22.742086781475038
2025-12-08,1038,21.82528856782854
2025-12-08,1039,22.680026340354207
2025-12-08,1040,21.916873470342576
2025-12-08,1041,22.708510675051325
2025-12-08,1042,22.749025788820305
2025-12-08,1043,21.958531176863346
2025-12-08,1044,22.742086781475038
2025-12-08,1045,22.81955053261383
2025-12-08,1046,22.60566402108656
2025-12-08,1047,22.801084887319192
2025-12-08,1048,21.881067425724552
2025-12-08,1049,21.881067425724552
2025-12-08,1050,22.784386258676157
2025-12-08,1051,22.807566354093627
2025-12-08,1052,23.15553882760678
2025-12-08,1053,22.879943818102443
2025-12-08,1054,23.192057137321587
2025-12-08,1055,21.856357275473563
2025-12-08,1056,22.841159250993673
2025-12-08,1057,22.742086781475038
2025-12-08,1058,20.673937857363082
2025-12-08,1059,22.752675780350785
2025-12-08,1060,22.71121795737963
2025-12-08,1061,22.93139801794038
2025-12-08,1062,22.807566354093627
2025-12-08,1063,22.71737663122405
2025-12-08,1064,22.80248006696365
2025-12-08,1065,22.794840382362842
2025-12-08,1066,22.991791303428993
2025-12-08,1067,22.742086781475038
2025-12-08,1068,22.841159250993673
2025-12-08,1069,22.73927876685946
2025-12-08,1070,21.881067425724552
2025-12-08,1071,22.595075022210814
2025-12-08,1072,22.69922150220744
2025-12-08,1073,22.813069065839397
2025-12-08,1074,22.688632503331693
2025-12-08,1075,22.595075022210814
2025-12-08,1076,21.881067425724552
2025-12-08,1077,22.85174824986942
2025-12-08,1078,22.699233778859426
2025-12-08,1079,21.934109793076452
2025-12-08,1080,22.790495888443445
2025-12-08,1081,22.76731411118963
2025-12-08,1082,22.784386258676157
2025-12-08,1083,22.688632503331693
2025-12-08,1084,22.709342159910364
2025-12-08,1085,22.742086781475038
2025-12-08,1086,21.839409719203783
2025-12-08,1087,22.80248006696365
2025-12-08,1088,21.869083247204347
2025-12-08,1089,22.81955053261383
2025-12-08,1090,22.644343205116584
2025-12-08,1091,22.68069563741402
2025-12-08,1092,23.120923277389483
2025-12-08,1093,22.752675780350785
2025-12-08,1094,22.672538773349608
2025-12-08,1095,22.813069065839397
2025-12-08,1096,22.742086781475038
2025-12-08,1097,23.099209175930895
2025-12-08,1098,22.778939993663244
2025-12-08,1099,21.881067425724552
2025-12-08,1100,22.742086781475038
2025-12-08,1101,22.742086781475038
2025-12-08,1102,22.768029304686724
2025-12-08,1103,22.593679842566356
2025-12-08,1104,23.071909638447757
2025-12-08,1105,22.74401689474755
2025-12-08,1106,22.699233778859426
2025-12-08,1107,22.879943818102443
2025-12-08,1108,22.688632503331693
2025-12-08,1109,22.790495888443445
2025-12-08,1110,21.916873470342576
2025-12-08,1111,21.827425540683578
2025-12-08,1112,22.60566402108656
2025-12-08,1113,22.742086781475038
2025-12-08,1114,22.633754206240837
2025-12-08,1115,22.779370785860603
2025-12-08,1116,22.742086781475038
2025-12-08,1117,21.881067425724552
2025-12-08,1118,22.003321930055584
2025-12-08,1119,22.595075022210814
2025-12-08,1120,23.007075713757526
2025-12-08,1121,21.989419239662798
2025-12-08,1122,21.814699568952793
2025-12-08,1123,22.879943818102443
2025-12-08,1124,22.655468307699426
2025-12-08,1125,22.7370416103001
2025-12-08,1126,22.771611242868243
2025-12-08,1127,22.752675780350785
2025-12-08,1128,28.40959535593645
2025-12-08,1129,22.607594134359072
2025-12-08,1130,22.742086781475038
2025-12-08,1131,22.795129148826938
2025-12-08,1132,22.74069160183058
2025-12-08,1133,23.069629557394997
2025-12-08,1134,22.69414749172945
2025-12-08,1135,22.742086781475038
2025-12-08,1136,21.94654699834314
2025-12-08,1137,21.881067425724552
2025-12-08,1138,22.688632503331693
2025-12-08,1139,24.5127059209284
2025-12-08,1140,22.688632503331693
2025-12-08,1141,22.95219741666667
2025-12-08,1142,22.795129148826938
2025-12-08,1143,22.715926709593273
2025-12-08,1144,22.80477543850051
2025-12-08,1145,22.833519566392866
2025-12-08,1146,22.611187129163557
2025-12-08,1147,23.130250918024068
2025-12-08,1148,22.768781786984857
2025-12-08,1149,22.76731411118963
2025-12-08,1150,22.724315638569315
2025-12-08,1151,22.80248006696365
2025-12-08,1152,22.795129148826938
2025-12-08,1153,21.839409719203783
2025-12-08,1154,22.81955053261383
2025-12-08,1155,24.5127059209284
2025-12-08,1156,23.06052999190087
2025-12-08,1157,22.558325951453302
2025-12-08,1158,22.698753161034617
2025-12-08,1159,24.590169672067194
2025-12-08,1160,21.881067425724552
2025-12-08,1161,22.765730996206138
2025-12-08,1162,21.814699568952793
2025-12-08,1163,22.674812395072532
2025-12-08,1164,22.7370416103001
2025-12-08,1165,22.672538773349608
2025-12-08,1166,22.595075022210814
2025-12-08,1167,22.71121795737963
2025-12-08,1168,22.78076596550506
2025-12-08,1169,22.93139801794038
2025-12-08,1170,22.633754206240837
2025-12-08,1171,22.672538773349608
2025-12-08,1172,20.685976777869605
2025-12-08,1173,22.633754206240837
2025-12-08,1174,22.88540460805963
2025-12-08,1175,22.593679842566356
2025-12-08,1176,22.78076596550506
2025-12-08,1177,22.791354964380808
2025-12-08,1178,22.802997246427253
2025-12-08,1179,22.81955053261383
2025-12-08,1180,21.856357275473563
2025-12-08,1181,22.58309084369061
2025-12-08,1182,23.200716022924823
2025-12-08,1183,23.190127024049076
2025-12-08,1184,22.86795963958224
2025-12-08,1185,21.80266064844627
2025-12-08,1186,22.80248006696365
2025-12-08,1187,24.5127059209284
2025-12-08,1188,22.768781786984857
2025-12-08,1189,22.742086781475038
2025-12-08,1190,22.841159250993673
2025-12-08,1191,22.608318173405202
2025-12-08,1192,22.742086781475038
2025-12-08,1193,22.71737663122405
2025-12-08,1194,22.64782862309862
2025-12-08,1195,22.790495888443445
2025-12-08,1196,22.80248006696365
2025-12-08,1197,22.620302351925407
2025-12-08,1198,24.565459521816205
2025-12-08,1199,22.468464553370374
2025-12-08,1200,22.67886564691561
